TimeGenerated,DeviceName,ActionType,Query,RawData
"Aug 18, 2026 1:42:18 AM",corp-na01-bp123na,Query, SELECT @@max_allowed_packet,2026-08-18T07:42:18.276066Z   179 Query SELECT @@max_allowed_packet
"Aug 18, 2026 12:24:20 AM",corp-na01-bp123na,Query, SELECT @@max_allowed_packet,2026-08-18T06:24:20.106309Z   168 Query SELECT @@max_allowed_packet
"Aug 17, 2026 11:23:11 PM",corp-na01-bp123na,Query, SET AUTOCOMMIT=0,2026-08-18T05:23:11.448514Z   159 Query SET AUTOCOMMIT=0
"Aug 17, 2026 11:23:11 PM",corp-na01-bp123na,Query, SET AUTOCOMMIT=0,2026-08-18T05:23:10.987418Z   158 Query SET AUTOCOMMIT=0
"Aug 17, 2026 11:23:11 PM",corp-na01-bp123na,Query, CREATE DATABASE IF NOT EXISTS RECOVER_YOUR_DATA,2026-08-18T05:23:11.539790Z   159 Query CREATE DATABASE IF NOT EXISTS RECOVER_YOUR_DATA
"Aug 17, 2026 11:23:11 PM",corp-na01-bp123na,Query, DROP DATABASE `recover_your_data`,2026-08-18T05:23:11.080837Z   158 Query DROP DATABASE `recover_your_data`
"Aug 17, 2026 11:23:10 PM",corp-na01-bp123na,Query," INSERT INTO RECOVER_YOUR_DATA (text) VALUES ('All your data was backed up by us. You must pay 0.0132 bitcoin to bc1q7jps5432akuflg9flw2vu6hgmmj5hrrdu6c5gm or in 48 hours, your data will be publicly disclosed and deleted. ')","2026-08-18T05:23:10.255544Z   154 Query INSERT INTO RECOVER_YOUR_DATA (text) VALUES ('All your data was backed up by us. You must pay 0.0132 bitcoin to bc1q7jps5432akuflg9flw2vu6hgmmj5hrrdu6c5gm or in 48 hours, your data will be publicly disclosed and deleted. ')"
"Aug 17, 2026 11:23:10 PM",corp-na01-bp123na,Query, DROP TABLE `recover_your_data`,2026-08-18T05:23:10.071530Z   154 Query DROP TABLE `recover_your_data`
"Aug 17, 2026 11:23:10 PM",corp-na01-bp123na,Query," SELECT TABLE_NAME, COLUMN_NAME, CONSTRAINT_NAME, REFERENCED_TABLE_NAME, REFERENCED_COLUMN_NAME FROM information_schema.KEY_COLUMN_USAGE WHERE TABLE_SCHEMA = 'recover_your_data' AND TABLE_NAME = 'recover_your_data' AND REFERENCED_TABLE_NAME IS NOT NULL","2026-08-18T05:23:09.980243Z   154 Query SELECT TABLE_NAME, COLUMN_NAME, CONSTRAINT_NAME, REFERENCED_TABLE_NAME, REFERENCED_COLUMN_NAME FROM information_schema.KEY_COLUMN_USAGE WHERE TABLE_SCHEMA = 'recover_your_data' AND TABLE_NAME = 'recover_your_data' AND REFERENCED_TABLE_NAME IS NOT NULL"
"Aug 17, 2026 11:23:10 PM",corp-na01-bp123na,Query, SET AUTOCOMMIT=0,2026-08-18T05:23:10.620182Z   157 Query SET AUTOCOMMIT=0
"Aug 17, 2026 11:23:10 PM",corp-na01-bp123na,Query, CREATE TABLE IF NOT EXISTS RECOVER_YOUR_DATA (text VARCHAR(255)),2026-08-18T05:23:10.164366Z   154 Query CREATE TABLE IF NOT EXISTS RECOVER_YOUR_DATA (text VARCHAR(255))
"Aug 17, 2026 11:23:09 PM",corp-na01-bp123na,Query, SELECT /*!40001 SQL_NO_CACHE */ `text` FROM `recover_your_data` WHERE 1 LIMIT 10,2026-08-18T05:23:08.989578Z   155 Query SELECT /*!40001 SQL_NO_CACHE */ `text` FROM `recover_your_data` WHERE 1 LIMIT 10
"Aug 17, 2026 11:23:09 PM",corp-na01-bp123na,Query, SHOW TABLES,2026-08-18T05:23:09.889269Z   154 Query SHOW TABLES
"Aug 17, 2026 11:23:09 PM",corp-na01-bp123na,Query, SELECT * FROM recover_your_data LIMIT 10,2026-08-18T05:23:09.689519Z   156 Query SELECT * FROM recover_your_data LIMIT 10
"Aug 17, 2026 11:23:09 PM",corp-na01-bp123na,Query, USE `recover_your_data`,2026-08-18T05:23:09.800178Z   154 Query USE `recover_your_data`
"Aug 17, 2026 11:23:08 PM",corp-na01-bp123na,Query," SELECT engine, table_type FROM INFORMATION_SCHEMA.TABLES WHERE table_schema = DATABASE() AND table_name = 'recover_your_data'","2026-08-18T05:23:08.711250Z   155 Query SELECT engine, table_type FROM INFORMATION_SCHEMA.TABLES WHERE table_schema = DATABASE() AND table_name = 'recover_your_data'"
"Aug 17, 2026 11:23:08 PM",corp-na01-bp123na,Query," SELECT engine, table_type FROM INFORMATION_SCHEMA.TABLES WHERE table_schema = DATABASE() AND table_name = 'recover_your_data'","2026-08-18T05:23:08.619434Z   155 Query SELECT engine, table_type FROM INFORMATION_SCHEMA.TABLES WHERE table_schema = DATABASE() AND table_name = 'recover_your_data'"
"Aug 17, 2026 11:23:08 PM",corp-na01-bp123na,Query, SHOW VARIABLES LIKE 'lower_case_table_names',2026-08-18T05:23:08.398837Z   155 Query SHOW VARIABLES LIKE 'lower_case_table_names'
"Aug 17, 2026 11:23:08 PM",corp-na01-bp123na,Query, set optimizer_switch=default,2026-08-18T05:23:08.215508Z   155 Query set optimizer_switch=default
"Aug 17, 2026 11:23:08 PM",corp-na01-bp123na,Query," SELECT DISTINCT TABLESPACE_NAME, FILE_NAME, LOGFILE_GROUP_NAME, EXTENT_SIZE, INITIAL_SIZE, ENGINE FROM INFORMATION_SCHEMA.FILES WHERE FILE_TYPE = 'DATAFILE' AND TABLESPACE_NAME IN (SELECT DISTINCT TABLESPACE_NAME FROM INFORMATION_SCHEMA.PARTITIONS WHERE TABLE_SCHEMA='recover_your_data' AND TABLE_NAME IN ('recover_your_data')) ORDER BY TABLESPACE_NAME, LOGFILE_GROUP_NAME","2026-08-18T05:23:08.122209Z   155 Query SELECT DISTINCT TABLESPACE_NAME, FILE_NAME, LOGFILE_GROUP_NAME, EXTENT_SIZE, INITIAL_SIZE, ENGINE FROM INFORMATION_SCHEMA.FILES WHERE FILE_TYPE = 'DATAFILE' AND TABLESPACE_NAME IN (SELECT DISTINCT TABLESPACE_NAME FROM INFORMATION_SCHEMA.PARTITIONS WHERE TABLE_SCHEMA='recover_your_data' AND TABLE_NAME IN ('recover_your_data')) ORDER BY TABLESPACE_NAME, LOGFILE_GROUP_NAME"
"Aug 17, 2026 11:23:08 PM",corp-na01-bp123na,Query, SELECT table_name FROM INFORMATION_SCHEMA.TABLES WHERE table_schema = DATABASE() AND table_name = 'recover_your_data',2026-08-18T05:23:08.526486Z   155 Query SELECT table_name FROM INFORMATION_SCHEMA.TABLES WHERE table_schema = DATABASE() AND table_name = 'recover_your_data'
"Aug 17, 2026 11:23:08 PM",corp-na01-bp123na,Query, SET SQL_QUOTE_SHOW_CREATE=1,2026-08-18T05:23:08.803088Z   155 Query SET SQL_QUOTE_SHOW_CREATE=1
"Aug 17, 2026 11:23:08 PM",corp-na01-bp123na,Query," SELECT LOGFILE_GROUP_NAME, FILE_NAME, TOTAL_EXTENTS, INITIAL_SIZE, ENGINE, EXTRA FROM INFORMATION_SCHEMA.FILES WHERE FILE_TYPE = 'UNDO LOG' AND FILE_NAME IS NOT NULL AND LOGFILE_GROUP_NAME IS NOT NULL AND LOGFILE_GROUP_NAME IN (SELECT DISTINCT LOGFILE_GROUP_NAME FROM INFORMATION_SCHEMA.FILES WHERE FILE_TYPE = 'DATAFILE' AND TABLESPACE_NAME IN (SELECT DISTINCT TABLESPACE_NAME FROM INFORMATION_SCHEMA.PARTITIONS WHERE TABLE_SCHEMA='recover_your_data' AND TABLE_NAME IN ('recover_your_data'))) GROUP BY LOGFILE_GROUP_NAME, FILE_NAME, ENGINE, TOTAL_EXTENTS, INITIAL_SIZE ORDER BY LOGFILE_GROUP_NAME","2026-08-18T05:23:08.022253Z   155 Query SELECT LOGFILE_GROUP_NAME, FILE_NAME, TOTAL_EXTENTS, INITIAL_SIZE, ENGINE, EXTRA FROM INFORMATION_SCHEMA.FILES WHERE FILE_TYPE = 'UNDO LOG' AND FILE_NAME IS NOT NULL AND LOGFILE_GROUP_NAME IS NOT NULL AND LOGFILE_GROUP_NAME IN (SELECT DISTINCT LOGFILE_GROUP_NAME FROM INFORMATION_SCHEMA.FILES WHERE FILE_TYPE = 'DATAFILE' AND TABLESPACE_NAME IN (SELECT DISTINCT TABLESPACE_NAME FROM INFORMATION_SCHEMA.PARTITIONS WHERE TABLE_SCHEMA='recover_your_data' AND TABLE_NAME IN ('recover_your_data'))) GROUP BY LOGFILE_GROUP_NAME, FILE_NAME, ENGINE, TOTAL_EXTENTS, INITIAL_SIZE ORDER BY LOGFILE_GROUP_NAME"
"Aug 17, 2026 11:23:08 PM",corp-na01-bp123na,Query," select column_name, extra, generation_expression, data_type from information_schema.columns where table_schema=database() and table_name='recover_your_data' order by ordinal_position","2026-08-18T05:23:08.894038Z   155 Query select column_name, extra, generation_expression, data_type from information_schema.columns where table_schema=database() and table_name='recover_your_data' order by ordinal_position"
"Aug 17, 2026 11:23:07 PM",corp-na01-bp123na,Query, SHOW tables,2026-08-18T05:23:06.987154Z   154 Query SHOW tables
"Aug 17, 2026 11:23:07 PM",corp-na01-bp123na,Query, set optimizer_switch='semijoin=off',2026-08-18T05:23:07.908200Z   155 Query set optimizer_switch='semijoin=off'
"Aug 17, 2026 11:23:07 PM",corp-na01-bp123na,Query, /*!40100 SET @@SQL_MODE='' */,2026-08-18T05:23:07.626114Z   155 Query /*!40100 SET @@SQL_MODE='' */
"Aug 17, 2026 11:23:07 PM",corp-na01-bp123na,Query, /*M!100100 SET WAIT_TIMEOUT=DEFAULT */,2026-08-18T05:23:07.816876Z   155 Query /*M!100100 SET WAIT_TIMEOUT=DEFAULT */
"Aug 17, 2026 11:23:07 PM",corp-na01-bp123na,Query, /*M!100100 SET @@MAX_STATEMENT_TIME=0.000000 */,2026-08-18T05:23:07.725544Z   155 Query /*M!100100 SET @@MAX_STATEMENT_TIME=0.000000 */
"Aug 17, 2026 11:23:06 PM",corp-na01-bp123na,Query, SET AUTOCOMMIT=0,2026-08-18T05:23:05.984351Z   152 Query SET AUTOCOMMIT=0
"Aug 17, 2026 11:23:06 PM",corp-na01-bp123na,Query, USE `recover_your_data`,2026-08-18T05:23:06.897263Z   154 Query USE `recover_your_data`
"Aug 17, 2026 11:23:06 PM",corp-na01-bp123na,Query, SET AUTOCOMMIT=0,2026-08-18T05:23:06.352233Z   153 Query SET AUTOCOMMIT=0
"Aug 17, 2026 11:23:06 PM",corp-na01-bp123na,Query, SELECT SUM(data_length + index_length) FROM information_schema.tables WHERE table_schema = 'recover_your_data',2026-08-18T05:23:06.805381Z   154 Query SELECT SUM(data_length + index_length) FROM information_schema.tables WHERE table_schema = 'recover_your_data'
"Aug 17, 2026 11:23:06 PM",corp-na01-bp123na,Query, SET AUTOCOMMIT=0,2026-08-18T05:23:06.713631Z   154 Query SET AUTOCOMMIT=0
"Aug 17, 2026 11:23:05 PM",corp-na01-bp123na,Query, SET AUTOCOMMIT=0,2026-08-18T05:23:05.620380Z   151 Query SET AUTOCOMMIT=0
"Aug 17, 2026 11:23:05 PM",corp-na01-bp123na,Query, SHOW DATABASES,2026-08-18T05:23:05.255957Z   150 Query SHOW DATABASES
"Aug 17, 2026 11:23:05 PM",corp-na01-bp123na,Query, SET AUTOCOMMIT=0,2026-08-18T05:23:05.163562Z   150 Query SET AUTOCOMMIT=0
"Aug 17, 2026 11:23:04 PM",corp-na01-bp123na,Query, SET AUTOCOMMIT=0,2026-08-18T05:23:04.798399Z   149 Query SET AUTOCOMMIT=0
"Aug 17, 2026 11:22:59 PM",corp-na01-bp123na,Query, SET AUTOCOMMIT=0,2026-08-18T05:22:59.365618Z   147 Query SET AUTOCOMMIT=0
"Aug 17, 2026 11:06:20 PM",corp-na01-bp123na,Query, SELECT @@max_allowed_packet,2026-08-18T05:06:20.616934Z   145 Query SELECT @@max_allowed_packet
"Aug 17, 2026 9:48:06 PM",corp-na01-bp123na,Query, SELECT @@max_allowed_packet,2026-08-18T03:48:06.417966Z   136 Query SELECT @@max_allowed_packet
"Aug 17, 2026 9:33:22 PM",corp-na01-bp123na,Query, SELECT @@max_allowed_packet,2026-08-18T03:33:21.934358Z   131 Query SELECT @@max_allowed_packet
"Aug 17, 2026 8:30:06 PM",corp-na01-bp123na,Query, SELECT @@max_allowed_packet,2026-08-18T02:30:06.109418Z   125 Query SELECT @@max_allowed_packet
"Aug 17, 2026 8:20:20 PM",corp-na01-bp123na,Query, SELECT @@max_allowed_packet,2026-08-18T02:20:20.098302Z   120 Query SELECT @@max_allowed_packet
"Aug 17, 2026 7:12:07 PM",corp-na01-bp123na,Query, SELECT @@max_allowed_packet,2026-08-18T01:12:07.704672Z   111 Query SELECT @@max_allowed_packet
"Aug 17, 2026 6:58:45 PM",corp-na01-bp123na,Query, set global max_allowed_packet = 20971520,2026-08-18T00:58:45.609333Z   105 Query set global max_allowed_packet = 20971520
"Aug 17, 2026 6:58:45 PM",corp-na01-bp123na,Query, SET AUTOCOMMIT = 0,2026-08-18T00:58:45.075577Z   105 Query SET AUTOCOMMIT = 0
"Aug 17, 2026 6:58:45 PM",corp-na01-bp123na,Query, use mysql,2026-08-18T00:58:45.342443Z   105 Query use mysql
"Aug 17, 2026 6:58:45 PM",corp-na01-bp123na,Query, set global slave_max_allowed_packet = 20971520,2026-08-18T00:58:45.876205Z   105 Query set global slave_max_allowed_packet = 20971520
"Aug 17, 2026 6:58:43 PM",corp-na01-bp123na,Query, set global net_buffer_length = 1024,2026-08-18T00:58:42.993527Z   104 Query set global net_buffer_length = 1024
"Aug 17, 2026 6:58:42 PM",corp-na01-bp123na,Query, use mysql,2026-08-18T00:58:42.723799Z   104 Query use mysql
"Aug 17, 2026 6:58:42 PM",corp-na01-bp123na,Query, SET AUTOCOMMIT = 0,2026-08-18T00:58:42.454795Z   104 Query SET AUTOCOMMIT = 0
"Aug 17, 2026 5:52:58 PM",corp-na01-bp123na,Query, SELECT @@max_allowed_packet,2026-08-17T23:52:58.732373Z    88 Query SELECT @@max_allowed_packet
"Aug 17, 2026 4:50:19 PM",corp-na01-bp123na,Query, USE `recover_your_data`,2026-08-17T22:50:19.443735Z    75 Query USE `recover_your_data`
"Aug 17, 2026 4:50:19 PM",corp-na01-bp123na,Query, SET AUTOCOMMIT=0,2026-08-17T22:50:19.262658Z    75 Query SET AUTOCOMMIT=0
"Aug 17, 2026 4:50:19 PM",corp-na01-bp123na,Query, SHOW TABLES,2026-08-17T22:50:19.534321Z    75 Query SHOW TABLES
"Aug 17, 2026 4:50:19 PM",corp-na01-bp123na,Query, SELECT * FROM `recover_your_data`,2026-08-17T22:50:19.625125Z    75 Query SELECT * FROM `recover_your_data`
"Aug 17, 2026 4:50:19 PM",corp-na01-bp123na,Query, SHOW DATABASES,2026-08-17T22:50:19.352654Z    75 Query SHOW DATABASES
"Aug 17, 2026 4:32:39 PM",corp-na01-bp123na,Query, SELECT @@max_allowed_packet,2026-08-17T22:32:38.839570Z    72 Query SELECT @@max_allowed_packet
"Aug 17, 2026 3:12:42 PM",corp-na01-bp123na,Query, SELECT @@max_allowed_packet,2026-08-17T21:12:42.867916Z    63 Query SELECT @@max_allowed_packet
"Aug 17, 2026 2:17:21 PM",corp-na01-bp123na,Query, SELECT @@max_allowed_packet,2026-08-17T20:17:21.710380Z    54 Query SELECT @@max_allowed_packet
"Aug 17, 2026 1:52:30 PM",corp-na01-bp123na,Query, SELECT @@max_allowed_packet,2026-08-17T19:52:30.464477Z    34 Query SELECT @@max_allowed_packet
"Aug 17, 2026 1:05:24 PM",corp-na01-bp123na,Query, SELECT @@max_allowed_packet,2026-08-17T19:05:24.828290Z    24 Query SELECT @@max_allowed_packet
"Aug 17, 2026 12:51:17 PM",corp-na01-bp123na,Query, USE `recover_your_data`,2026-08-17T18:51:16.890547Z    19 Query USE `recover_your_data`
"Aug 17, 2026 12:51:17 PM",corp-na01-bp123na,Query, SELECT * FROM `recover_your_data`,2026-08-17T18:51:17.091688Z    19 Query SELECT * FROM `recover_your_data`
"Aug 17, 2026 12:51:17 PM",corp-na01-bp123na,Query, SHOW TABLES,2026-08-17T18:51:16.980177Z    19 Query SHOW TABLES
"Aug 17, 2026 12:51:16 PM",corp-na01-bp123na,Query, SHOW DATABASES,2026-08-17T18:51:16.775822Z    19 Query SHOW DATABASES
"Aug 17, 2026 12:51:16 PM",corp-na01-bp123na,Query, SET AUTOCOMMIT=0,2026-08-17T18:51:16.685735Z    19 Query SET AUTOCOMMIT=0
"Aug 17, 2026 12:32:31 PM",corp-na01-bp123na,Query, SELECT @@max_allowed_packet,2026-08-17T18:32:31.715570Z    18 Query SELECT @@max_allowed_packet
"Aug 17, 2026 11:12:33 AM",corp-na01-bp123na,Query, SELECT @@max_allowed_packet,2026-08-17T17:12:33.202602Z    13 Query SELECT @@max_allowed_packet
"Aug 17, 2026 1:51:29 AM",corp-na01-bp123na,Query, SELECT @@max_allowed_packet,2026-08-17T07:51:29.067293Z   199 Query SELECT @@max_allowed_packet
"Aug 17, 2026 12:42:53 AM",corp-na01-bp123na,Query, SET AUTOCOMMIT=0,2026-08-17T06:42:53.276823Z   194 Query SET AUTOCOMMIT=0
"Aug 17, 2026 12:42:53 AM",corp-na01-bp123na,Query, SHOW DATABASES,2026-08-17T06:42:52.912541Z   193 Query SHOW DATABASES
"Aug 17, 2026 12:42:53 AM",corp-na01-bp123na,Query, CREATE DATABASE IF NOT EXISTS RECOVER_YOUR_DATA,2026-08-17T06:42:53.366051Z   194 Query CREATE DATABASE IF NOT EXISTS RECOVER_YOUR_DATA
"Aug 17, 2026 12:42:52 AM",corp-na01-bp123na,Query, SET AUTOCOMMIT=0,2026-08-17T06:42:52.814915Z   193 Query SET AUTOCOMMIT=0
"Aug 17, 2026 12:42:52 AM",corp-na01-bp123na,Query, SET AUTOCOMMIT=0,2026-08-17T06:42:52.432459Z   192 Query SET AUTOCOMMIT=0
"Aug 17, 2026 12:42:20 AM",corp-na01-bp123na,Query, SET AUTOCOMMIT=0,2026-08-17T06:42:20.291489Z   190 Query SET AUTOCOMMIT=0
"Aug 17, 2026 12:31:29 AM",corp-na01-bp123na,Query, SELECT @@max_allowed_packet,2026-08-17T06:31:29.294299Z   187 Query SELECT @@max_allowed_packet
"Aug 17, 2026 12:09:55 AM",corp-na01-bp123na,Query, CREATE DATABASE IF NOT EXISTS RECOVER_YOUR_DATA,2026-08-17T06:09:55.105721Z   182 Query CREATE DATABASE IF NOT EXISTS RECOVER_YOUR_DATA
"Aug 17, 2026 12:09:55 AM",corp-na01-bp123na,Query, SET AUTOCOMMIT=0,2026-08-17T06:09:55.013224Z   182 Query SET AUTOCOMMIT=0
"Aug 17, 2026 12:09:54 AM",corp-na01-bp123na,Query, SHOW DATABASES,2026-08-17T06:09:54.629363Z   181 Query SHOW DATABASES
"Aug 17, 2026 12:09:54 AM",corp-na01-bp123na,Query, SET AUTOCOMMIT=0,2026-08-17T06:09:54.158529Z   180 Query SET AUTOCOMMIT=0
"Aug 17, 2026 12:09:54 AM",corp-na01-bp123na,Query, SET AUTOCOMMIT=0,2026-08-17T06:09:54.536346Z   181 Query SET AUTOCOMMIT=0
"Aug 17, 2026 12:09:44 AM",corp-na01-bp123na,Query, SET AUTOCOMMIT=0,2026-08-17T06:09:43.947061Z   178 Query SET AUTOCOMMIT=0
"Aug 16, 2026 11:46:16 PM",corp-na01-bp123na,Query, SELECT @@max_allowed_packet,2026-08-17T05:46:16.551695Z   175 Query SELECT @@max_allowed_packet
"Aug 16, 2026 11:42:48 PM",corp-na01-bp123na,Query, DROP DATABASE `recover_your_data`,2026-08-17T05:42:47.853741Z   169 Query DROP DATABASE `recover_your_data`
"Aug 16, 2026 11:42:48 PM",corp-na01-bp123na,Query, CREATE DATABASE IF NOT EXISTS RECOVER_YOUR_DATA,2026-08-17T05:42:48.309775Z   170 Query CREATE DATABASE IF NOT EXISTS RECOVER_YOUR_DATA
"Aug 16, 2026 11:42:48 PM",corp-na01-bp123na,Query, SET AUTOCOMMIT=0,2026-08-17T05:42:48.219339Z   170 Query SET AUTOCOMMIT=0
"Aug 16, 2026 11:42:47 PM",corp-na01-bp123na,Query, SET AUTOCOMMIT=0,2026-08-17T05:42:47.763200Z   169 Query SET AUTOCOMMIT=0
"Aug 16, 2026 11:42:47 PM",corp-na01-bp123na,Query, DROP TABLE `recover_your_data`,2026-08-17T05:42:46.824383Z   165 Query DROP TABLE `recover_your_data`
"Aug 16, 2026 11:42:47 PM",corp-na01-bp123na,Query," INSERT INTO RECOVER_YOUR_DATA (text) VALUES ('All your data was backed up by us. You must pay 0.0134 bitcoin to bc1q7jps5432akuflg9flw2vu6hgmmj5hrrdu6c5gm or in 48 hours, your data will be publicly disclosed and deleted. ')","2026-08-17T05:42:47.038821Z   165 Query INSERT INTO RECOVER_YOUR_DATA (text) VALUES ('All your data was backed up by us. You must pay 0.0134 bitcoin to bc1q7jps5432akuflg9flw2vu6hgmmj5hrrdu6c5gm or in 48 hours, your data will be publicly disclosed and deleted. ')"
"Aug 16, 2026 11:42:47 PM",corp-na01-bp123na,Query, CREATE TABLE IF NOT EXISTS RECOVER_YOUR_DATA (text VARCHAR(255)),2026-08-17T05:42:46.921491Z   165 Query CREATE TABLE IF NOT EXISTS RECOVER_YOUR_DATA (text VARCHAR(255))
"Aug 16, 2026 11:42:47 PM",corp-na01-bp123na,Query, SET AUTOCOMMIT=0,2026-08-17T05:42:47.404280Z   168 Query SET AUTOCOMMIT=0
"Aug 16, 2026 11:42:46 PM",corp-na01-bp123na,Query, SHOW TABLES,2026-08-17T05:42:46.619543Z   165 Query SHOW TABLES
"Aug 16, 2026 11:42:46 PM",corp-na01-bp123na,Query, USE `recover_your_data`,2026-08-17T05:42:46.528182Z   165 Query USE `recover_your_data`
"Aug 16, 2026 11:42:46 PM",corp-na01-bp123na,Query, SELECT * FROM recover_your_data LIMIT 10,2026-08-17T05:42:46.407188Z   167 Query SELECT * FROM recover_your_data LIMIT 10
"Aug 16, 2026 11:42:46 PM",corp-na01-bp123na,Query," SELECT TABLE_NAME, COLUMN_NAME, CONSTRAINT_NAME, REFERENCED_TABLE_NAME, REFERENCED_COLUMN_NAME FROM information_schema.KEY_COLUMN_USAGE WHERE TABLE_SCHEMA = 'recover_your_data' AND TABLE_NAME = 'recover_your_data' AND REFERENCED_TABLE_NAME IS NOT NULL","2026-08-17T05:42:46.712154Z   165 Query SELECT TABLE_NAME, COLUMN_NAME, CONSTRAINT_NAME, REFERENCED_TABLE_NAME, REFERENCED_COLUMN_NAME FROM information_schema.KEY_COLUMN_USAGE WHERE TABLE_SCHEMA = 'recover_your_data' AND TABLE_NAME = 'recover_your_data' AND REFERENCED_TABLE_NAME IS NOT NULL"
"Aug 16, 2026 11:42:45 PM",corp-na01-bp123na,Query," SELECT engine, table_type FROM INFORMATION_SCHEMA.TABLES WHERE table_schema = DATABASE() AND table_name = 'recover_your_data'","2026-08-17T05:42:45.339361Z   166 Query SELECT engine, table_type FROM INFORMATION_SCHEMA.TABLES WHERE table_schema = DATABASE() AND table_name = 'recover_your_data'"
"Aug 16, 2026 11:42:45 PM",corp-na01-bp123na,Query, SET SQL_QUOTE_SHOW_CREATE=1,2026-08-17T05:42:45.523506Z   166 Query SET SQL_QUOTE_SHOW_CREATE=1
"Aug 16, 2026 11:42:45 PM",corp-na01-bp123na,Query, set optimizer_switch=default,2026-08-17T05:42:44.971432Z   166 Query set optimizer_switch=default
"Aug 16, 2026 11:42:45 PM",corp-na01-bp123na,Query," SELECT DISTINCT TABLESPACE_NAME, FILE_NAME, LOGFILE_GROUP_NAME, EXTENT_SIZE, INITIAL_SIZE, ENGINE FROM INFORMATION_SCHEMA.FILES WHERE FILE_TYPE = 'DATAFILE' AND TABLESPACE_NAME IN (SELECT DISTINCT TABLESPACE_NAME FROM INFORMATION_SCHEMA.PARTITIONS WHERE TABLE_SCHEMA='recover_your_data' AND TABLE_NAME IN ('recover_your_data')) ORDER BY TABLESPACE_NAME, LOGFILE_GROUP_NAME","2026-08-17T05:42:44.879223Z   166 Query SELECT DISTINCT TABLESPACE_NAME, FILE_NAME, LOGFILE_GROUP_NAME, EXTENT_SIZE, INITIAL_SIZE, ENGINE FROM INFORMATION_SCHEMA.FILES WHERE FILE_TYPE = 'DATAFILE' AND TABLESPACE_NAME IN (SELECT DISTINCT TABLESPACE_NAME FROM INFORMATION_SCHEMA.PARTITIONS WHERE TABLE_SCHEMA='recover_your_data' AND TABLE_NAME IN ('recover_your_data')) ORDER BY TABLESPACE_NAME, LOGFILE_GROUP_NAME"
"Aug 16, 2026 11:42:45 PM",corp-na01-bp123na,Query, SELECT table_name FROM INFORMATION_SCHEMA.TABLES WHERE table_schema = DATABASE() AND table_name = 'recover_your_data',2026-08-17T05:42:45.247274Z   166 Query SELECT table_name FROM INFORMATION_SCHEMA.TABLES WHERE table_schema = DATABASE() AND table_name = 'recover_your_data'
"Aug 16, 2026 11:42:45 PM",corp-na01-bp123na,Query," SELECT engine, table_type FROM INFORMATION_SCHEMA.TABLES WHERE table_schema = DATABASE() AND table_name = 'recover_your_data'","2026-08-17T05:42:45.431278Z   166 Query SELECT engine, table_type FROM INFORMATION_SCHEMA.TABLES WHERE table_schema = DATABASE() AND table_name = 'recover_your_data'"
"Aug 16, 2026 11:42:45 PM",corp-na01-bp123na,Query," select column_name, extra, generation_expression, data_type from information_schema.columns where table_schema=database() and table_name='recover_your_data' order by ordinal_position","2026-08-17T05:42:45.614833Z   166 Query select column_name, extra, generation_expression, data_type from information_schema.columns where table_schema=database() and table_name='recover_your_data' order by ordinal_position"
"Aug 16, 2026 11:42:45 PM",corp-na01-bp123na,Query, SHOW VARIABLES LIKE 'lower_case_table_names',2026-08-17T05:42:45.153786Z   166 Query SHOW VARIABLES LIKE 'lower_case_table_names'
"Aug 16, 2026 11:42:45 PM",corp-na01-bp123na,Query, SELECT /*!40001 SQL_NO_CACHE */ `text` FROM `recover_your_data` WHERE 1 LIMIT 10,2026-08-17T05:42:45.708862Z   166 Query SELECT /*!40001 SQL_NO_CACHE */ `text` FROM `recover_your_data` WHERE 1 LIMIT 10
"Aug 16, 2026 11:42:44 PM",corp-na01-bp123na,Query, /*M!100100 SET @@MAX_STATEMENT_TIME=0.000000 */,2026-08-17T05:42:44.506174Z   166 Query /*M!100100 SET @@MAX_STATEMENT_TIME=0.000000 */
"Aug 16, 2026 11:42:44 PM",corp-na01-bp123na,Query, /*!40100 SET @@SQL_MODE='' */,2026-08-17T05:42:44.414476Z   166 Query /*!40100 SET @@SQL_MODE='' */
"Aug 16, 2026 11:42:44 PM",corp-na01-bp123na,Query," SELECT LOGFILE_GROUP_NAME, FILE_NAME, TOTAL_EXTENTS, INITIAL_SIZE, ENGINE, EXTRA FROM INFORMATION_SCHEMA.FILES WHERE FILE_TYPE = 'UNDO LOG' AND FILE_NAME IS NOT NULL AND LOGFILE_GROUP_NAME IS NOT NULL AND LOGFILE_GROUP_NAME IN (SELECT DISTINCT LOGFILE_GROUP_NAME FROM INFORMATION_SCHEMA.FILES WHERE FILE_TYPE = 'DATAFILE' AND TABLESPACE_NAME IN (SELECT DISTINCT TABLESPACE_NAME FROM INFORMATION_SCHEMA.PARTITIONS WHERE TABLE_SCHEMA='recover_your_data' AND TABLE_NAME IN ('recover_your_data'))) GROUP BY LOGFILE_GROUP_NAME, FILE_NAME, ENGINE, TOTAL_EXTENTS, INITIAL_SIZE ORDER BY LOGFILE_GROUP_NAME","2026-08-17T05:42:44.782171Z   166 Query SELECT LOGFILE_GROUP_NAME, FILE_NAME, TOTAL_EXTENTS, INITIAL_SIZE, ENGINE, EXTRA FROM INFORMATION_SCHEMA.FILES WHERE FILE_TYPE = 'UNDO LOG' AND FILE_NAME IS NOT NULL AND LOGFILE_GROUP_NAME IS NOT NULL AND LOGFILE_GROUP_NAME IN (SELECT DISTINCT LOGFILE_GROUP_NAME FROM INFORMATION_SCHEMA.FILES WHERE FILE_TYPE = 'DATAFILE' AND TABLESPACE_NAME IN (SELECT DISTINCT TABLESPACE_NAME FROM INFORMATION_SCHEMA.PARTITIONS WHERE TABLE_SCHEMA='recover_your_data' AND TABLE_NAME IN ('recover_your_data'))) GROUP BY LOGFILE_GROUP_NAME, FILE_NAME, ENGINE, TOTAL_EXTENTS, INITIAL_SIZE ORDER BY LOGFILE_GROUP_NAME"
"Aug 16, 2026 11:42:44 PM",corp-na01-bp123na,Query, set optimizer_switch='semijoin=off',2026-08-17T05:42:44.690183Z   166 Query set optimizer_switch='semijoin=off'
"Aug 16, 2026 11:42:44 PM",corp-na01-bp123na,Query, /*M!100100 SET WAIT_TIMEOUT=DEFAULT */,2026-08-17T05:42:44.598772Z   166 Query /*M!100100 SET WAIT_TIMEOUT=DEFAULT */
"Aug 16, 2026 11:42:43 PM",corp-na01-bp123na,Query, SHOW tables,2026-08-17T05:42:43.725517Z   165 Query SHOW tables
"Aug 16, 2026 11:42:43 PM",corp-na01-bp123na,Query, USE `recover_your_data`,2026-08-17T05:42:43.634289Z   165 Query USE `recover_your_data`
"Aug 16, 2026 11:42:43 PM",corp-na01-bp123na,Query, SELECT SUM(data_length + index_length) FROM information_schema.tables WHERE table_schema = 'recover_your_data',2026-08-17T05:42:43.537952Z   165 Query SELECT SUM(data_length + index_length) FROM information_schema.tables WHERE table_schema = 'recover_your_data'
"Aug 16, 2026 11:42:43 PM",corp-na01-bp123na,Query, SET AUTOCOMMIT=0,2026-08-17T05:42:43.445757Z   165 Query SET AUTOCOMMIT=0
"Aug 16, 2026 11:42:43 PM",corp-na01-bp123na,Query, SET AUTOCOMMIT=0,2026-08-17T05:42:43.077487Z   164 Query SET AUTOCOMMIT=0
"Aug 16, 2026 11:42:42 PM",corp-na01-bp123na,Query, SHOW DATABASES,2026-08-17T05:42:41.976103Z   161 Query SHOW DATABASES
"Aug 16, 2026 11:42:42 PM",corp-na01-bp123na,Query, SET AUTOCOMMIT=0,2026-08-17T05:42:42.709454Z   163 Query SET AUTOCOMMIT=0
"Aug 16, 2026 11:42:42 PM",corp-na01-bp123na,Query, SET AUTOCOMMIT=0,2026-08-17T05:42:42.342132Z   162 Query SET AUTOCOMMIT=0
"Aug 16, 2026 11:42:42 PM",corp-na01-bp123na,Query, SET AUTOCOMMIT=0,2026-08-17T05:42:41.885764Z   161 Query SET AUTOCOMMIT=0
"Aug 16, 2026 11:42:41 PM",corp-na01-bp123na,Query, SET AUTOCOMMIT=0,2026-08-17T05:42:41.516623Z   160 Query SET AUTOCOMMIT=0
"Aug 16, 2026 11:41:25 PM",corp-na01-bp123na,Query, SET AUTOCOMMIT=0,2026-08-17T05:41:24.847507Z   158 Query SET AUTOCOMMIT=0
"Aug 16, 2026 11:07:16 PM",corp-na01-bp123na,Query, SELECT @@max_allowed_packet,2026-08-17T05:07:16.120935Z    54 Query SELECT @@max_allowed_packet
"Aug 16, 2026 10:33:17 PM",corp-na01-bp123na,Query, SELECT @@max_allowed_packet,2026-08-17T04:33:17.879414Z    48 Query SELECT @@max_allowed_packet
"Aug 16, 2026 9:47:15 PM",corp-na01-bp123na,Query, SELECT @@max_allowed_packet,2026-08-17T03:47:15.451151Z    39 Query SELECT @@max_allowed_packet
"Aug 16, 2026 8:34:21 PM",corp-na01-bp123na,Query, SET NAMES 'utf8mb4' COLLATE 'utf8mb4_general_ci',2026-08-17T02:34:20.893933Z    29 Query SET NAMES 'utf8mb4' COLLATE 'utf8mb4_general_ci'
"Aug 16, 2026 8:34:21 PM",corp-na01-bp123na,Query, set autocommit=0,2026-08-17T02:34:21.081956Z    29 Query set autocommit=0
"Aug 16, 2026 8:34:21 PM",corp-na01-bp123na,Query, SET NAMES utf8mb4,2026-08-17T02:34:20.987956Z    29 Query SET NAMES utf8mb4
"Aug 16, 2026 8:34:17 PM",corp-na01-bp123na,Query, set autocommit=0,2026-08-17T02:34:16.949081Z    28 Query set autocommit=0
"Aug 16, 2026 8:34:17 PM",corp-na01-bp123na,Query, SET NAMES utf8mb4,2026-08-17T02:34:16.854917Z    28 Query SET NAMES utf8mb4
"Aug 16, 2026 8:34:17 PM",corp-na01-bp123na,Query, CREATE TABLE `recover_your_data`.`RECOVER_YOUR_DATA_info` (`READ_ME` text) ENGINE=InnoDB DEFAULT CHARSET=utf8,2026-08-17T02:34:17.231411Z    28 Query CREATE TABLE `recover_your_data`.`RECOVER_YOUR_DATA_info` (`READ_ME` text) ENGINE=InnoDB DEFAULT CHARSET=utf8
"Aug 16, 2026 8:34:16 PM",corp-na01-bp123na,Query, SET NAMES 'utf8mb4' COLLATE 'utf8mb4_general_ci',2026-08-17T02:34:16.760669Z    28 Query SET NAMES 'utf8mb4' COLLATE 'utf8mb4_general_ci'
"Aug 16, 2026 8:34:13 PM",corp-na01-bp123na,Query, CREATE TABLE `recover_your_data`.`RECOVER_YOUR_DATA_info` (`READ_ME` text) ENGINE=InnoDB DEFAULT CHARSET=utf8,2026-08-17T02:34:13.087353Z    27 Query CREATE TABLE `recover_your_data`.`RECOVER_YOUR_DATA_info` (`READ_ME` text) ENGINE=InnoDB DEFAULT CHARSET=utf8
"Aug 16, 2026 8:34:12 PM",corp-na01-bp123na,Query, SET NAMES utf8mb4,2026-08-17T02:34:12.694573Z    27 Query SET NAMES utf8mb4
"Aug 16, 2026 8:34:12 PM",corp-na01-bp123na,Query, set autocommit=0,2026-08-17T02:34:12.792770Z    27 Query set autocommit=0
"Aug 16, 2026 8:34:12 PM",corp-na01-bp123na,Query, SET NAMES 'utf8mb4' COLLATE 'utf8mb4_general_ci',2026-08-17T02:34:12.596314Z    27 Query SET NAMES 'utf8mb4' COLLATE 'utf8mb4_general_ci'
"Aug 16, 2026 8:34:09 PM",corp-na01-bp123na,Query, CREATE TABLE `recover_your_data`.`RECOVER_YOUR_DATA_info` (`READ_ME` text) ENGINE=InnoDB DEFAULT CHARSET=utf8,2026-08-17T02:34:08.884555Z    26 Query CREATE TABLE `recover_your_data`.`RECOVER_YOUR_DATA_info` (`READ_ME` text) ENGINE=InnoDB DEFAULT CHARSET=utf8
"Aug 16, 2026 8:34:08 PM",corp-na01-bp123na,Query, set autocommit=0,2026-08-17T02:34:08.601964Z    26 Query set autocommit=0
"Aug 16, 2026 8:34:08 PM",corp-na01-bp123na,Query, SET NAMES 'utf8mb4' COLLATE 'utf8mb4_general_ci',2026-08-17T02:34:08.413543Z    26 Query SET NAMES 'utf8mb4' COLLATE 'utf8mb4_general_ci'
"Aug 16, 2026 8:34:08 PM",corp-na01-bp123na,Query, SET NAMES utf8mb4,2026-08-17T02:34:08.507779Z    26 Query SET NAMES utf8mb4
"Aug 16, 2026 8:34:04 PM",corp-na01-bp123na,Query, SET NAMES utf8mb4,2026-08-17T02:34:04.361106Z    25 Query SET NAMES utf8mb4
"Aug 16, 2026 8:34:04 PM",corp-na01-bp123na,Query, set autocommit=0,2026-08-17T02:34:04.455213Z    25 Query set autocommit=0
"Aug 16, 2026 8:34:04 PM",corp-na01-bp123na,Query, CREATE TABLE `recover_your_data`.`RECOVER_YOUR_DATA_info` (`READ_ME` text) ENGINE=InnoDB DEFAULT CHARSET=utf8,2026-08-17T02:34:04.737464Z    25 Query CREATE TABLE `recover_your_data`.`RECOVER_YOUR_DATA_info` (`READ_ME` text) ENGINE=InnoDB DEFAULT CHARSET=utf8
"Aug 16, 2026 8:34:04 PM",corp-na01-bp123na,Query, SET NAMES 'utf8mb4' COLLATE 'utf8mb4_general_ci',2026-08-17T02:34:04.266946Z    25 Query SET NAMES 'utf8mb4' COLLATE 'utf8mb4_general_ci'
"Aug 16, 2026 8:34:00 PM",corp-na01-bp123na,Query, SET NAMES utf8mb4,2026-08-17T02:34:00.221585Z    24 Query SET NAMES utf8mb4
"Aug 16, 2026 8:34:00 PM",corp-na01-bp123na,Query, CREATE TABLE `recover_your_data`.`RECOVER_YOUR_DATA_info` (`READ_ME` text) ENGINE=InnoDB DEFAULT CHARSET=utf8,2026-08-17T02:34:00.600810Z    24 Query CREATE TABLE `recover_your_data`.`RECOVER_YOUR_DATA_info` (`READ_ME` text) ENGINE=InnoDB DEFAULT CHARSET=utf8
"Aug 16, 2026 8:34:00 PM",corp-na01-bp123na,Query, set autocommit=0,2026-08-17T02:34:00.316584Z    24 Query set autocommit=0
"Aug 16, 2026 8:34:00 PM",corp-na01-bp123na,Query, SET NAMES 'utf8mb4' COLLATE 'utf8mb4_general_ci',2026-08-17T02:34:00.126885Z    24 Query SET NAMES 'utf8mb4' COLLATE 'utf8mb4_general_ci'
"Aug 16, 2026 8:33:56 PM",corp-na01-bp123na,Query, CREATE TABLE `recover_your_data`.`RECOVER_YOUR_DATA_info` (`READ_ME` text) ENGINE=InnoDB DEFAULT CHARSET=utf8,2026-08-17T02:33:56.456424Z    23 Query CREATE TABLE `recover_your_data`.`RECOVER_YOUR_DATA_info` (`READ_ME` text) ENGINE=InnoDB DEFAULT CHARSET=utf8
"Aug 16, 2026 8:33:56 PM",corp-na01-bp123na,Query, set autocommit=0,2026-08-17T02:33:56.160091Z    23 Query set autocommit=0
"Aug 16, 2026 8:33:56 PM",corp-na01-bp123na,Query, SET NAMES 'utf8mb4' COLLATE 'utf8mb4_general_ci',2026-08-17T02:33:55.961806Z    23 Query SET NAMES 'utf8mb4' COLLATE 'utf8mb4_general_ci'
"Aug 16, 2026 8:33:56 PM",corp-na01-bp123na,Query, SET NAMES utf8mb4,2026-08-17T02:33:56.060541Z    23 Query SET NAMES utf8mb4
"Aug 16, 2026 8:33:52 PM",corp-na01-bp123na,Query, set autocommit=0,2026-08-17T02:33:51.989508Z    22 Query set autocommit=0
"Aug 16, 2026 8:33:52 PM",corp-na01-bp123na,Query, CREATE TABLE `recover_your_data`.`RECOVER_YOUR_DATA_info` (`READ_ME` text) ENGINE=InnoDB DEFAULT CHARSET=utf8,2026-08-17T02:33:52.271975Z    22 Query CREATE TABLE `recover_your_data`.`RECOVER_YOUR_DATA_info` (`READ_ME` text) ENGINE=InnoDB DEFAULT CHARSET=utf8
"Aug 16, 2026 8:33:52 PM",corp-na01-bp123na,Query, SET NAMES utf8mb4,2026-08-17T02:33:51.895019Z    22 Query SET NAMES utf8mb4
"Aug 16, 2026 8:33:51 PM",corp-na01-bp123na,Query, SET NAMES 'utf8mb4' COLLATE 'utf8mb4_general_ci',2026-08-17T02:33:51.800926Z    22 Query SET NAMES 'utf8mb4' COLLATE 'utf8mb4_general_ci'
"Aug 16, 2026 8:33:48 PM",corp-na01-bp123na,Query, CREATE TABLE `recover_your_data`.`RECOVER_YOUR_DATA_info` (`READ_ME` text) ENGINE=InnoDB DEFAULT CHARSET=utf8,2026-08-17T02:33:48.130717Z    21 Query CREATE TABLE `recover_your_data`.`RECOVER_YOUR_DATA_info` (`READ_ME` text) ENGINE=InnoDB DEFAULT CHARSET=utf8
"Aug 16, 2026 8:33:48 PM",corp-na01-bp123na,Query, set autocommit=0,2026-08-17T02:33:47.858179Z    21 Query set autocommit=0
"Aug 16, 2026 8:33:47 PM",corp-na01-bp123na,Query, SET NAMES utf8mb4,2026-08-17T02:33:47.767351Z    21 Query SET NAMES utf8mb4
"Aug 16, 2026 8:33:47 PM",corp-na01-bp123na,Query, SET NAMES 'utf8mb4' COLLATE 'utf8mb4_general_ci',2026-08-17T02:33:47.676533Z    21 Query SET NAMES 'utf8mb4' COLLATE 'utf8mb4_general_ci'
"Aug 16, 2026 8:33:44 PM",corp-na01-bp123na,Query, CREATE TABLE `recover_your_data`.`RECOVER_YOUR_DATA_info` (`READ_ME` text) ENGINE=InnoDB DEFAULT CHARSET=utf8,2026-08-17T02:33:44.032266Z    20 Query CREATE TABLE `recover_your_data`.`RECOVER_YOUR_DATA_info` (`READ_ME` text) ENGINE=InnoDB DEFAULT CHARSET=utf8
"Aug 16, 2026 8:33:43 PM",corp-na01-bp123na,Query, SET NAMES utf8mb4,2026-08-17T02:33:43.669851Z    20 Query SET NAMES utf8mb4
"Aug 16, 2026 8:33:43 PM",corp-na01-bp123na,Query, SET NAMES 'utf8mb4' COLLATE 'utf8mb4_general_ci',2026-08-17T02:33:43.579198Z    20 Query SET NAMES 'utf8mb4' COLLATE 'utf8mb4_general_ci'
"Aug 16, 2026 8:33:43 PM",corp-na01-bp123na,Query, set autocommit=0,2026-08-17T02:33:43.760461Z    20 Query set autocommit=0
"Aug 16, 2026 8:33:40 PM",corp-na01-bp123na,Query, CREATE TABLE `recover_your_data`.`RECOVER_YOUR_DATA_info` (`READ_ME` text) ENGINE=InnoDB DEFAULT CHARSET=utf8,2026-08-17T02:33:39.930835Z    18 Query CREATE TABLE `recover_your_data`.`RECOVER_YOUR_DATA_info` (`READ_ME` text) ENGINE=InnoDB DEFAULT CHARSET=utf8
"Aug 16, 2026 8:33:37 PM",corp-na01-bp123na,Query, use `recover_your_data`,2026-08-17T02:33:37.096233Z    19 Query use `recover_your_data`
"Aug 16, 2026 8:33:37 PM",corp-na01-bp123na,Query, select @@collation_database,2026-08-17T02:33:37.187124Z    19 Query select @@collation_database
"Aug 16, 2026 8:33:37 PM",corp-na01-bp123na,Query, SET SESSION character_set_results = 'binary',2026-08-17T02:33:37.004137Z    19 Query SET SESSION character_set_results = 'binary'
"Aug 16, 2026 8:33:37 PM",corp-na01-bp123na,Query, SELECT /*!40001 SQL_NO_CACHE */ * FROM `recover_your_data`,2026-08-17T02:33:36.912632Z    19 Query SELECT /*!40001 SQL_NO_CACHE */ * FROM `recover_your_data`
"Aug 16, 2026 8:33:37 PM",corp-na01-bp123na,Query, SET SESSION character_set_results = 'utf8mb4',2026-08-17T02:33:37.370560Z    19 Query SET SESSION character_set_results = 'utf8mb4'
"Aug 16, 2026 8:33:37 PM",corp-na01-bp123na,Query, SHOW TRIGGERS LIKE 'recover\_your\_data',2026-08-17T02:33:37.278098Z    19 Query SHOW TRIGGERS LIKE 'recover\_your\_data'
"Aug 16, 2026 8:33:37 PM",corp-na01-bp123na,Query, UNLOCK TABLES,2026-08-17T02:33:37.461471Z    19 Query UNLOCK TABLES
"Aug 16, 2026 8:33:36 PM",corp-na01-bp123na,Query, show create table `recover_your_data`,2026-08-17T02:33:36.544223Z    19 Query show create table `recover_your_data`
"Aug 16, 2026 8:33:36 PM",corp-na01-bp123na,Query, show tables,2026-08-17T02:33:36.081564Z    19 Query show tables
"Aug 16, 2026 8:33:36 PM",corp-na01-bp123na,Query, SHOW VARIABLES LIKE 'ndbinfo\_version',2026-08-17T02:33:35.807464Z    19 Query SHOW VARIABLES LIKE 'ndbinfo\_version'
"Aug 16, 2026 8:33:36 PM",corp-na01-bp123na,Query, show fields from `recover_your_data`,2026-08-17T02:33:36.726689Z    19 Query show fields from `recover_your_data`
"Aug 16, 2026 8:33:36 PM",corp-na01-bp123na,Query, SHOW CREATE DATABASE IF NOT EXISTS `recover_your_data`,2026-08-17T02:33:35.990471Z    19 Query SHOW CREATE DATABASE IF NOT EXISTS `recover_your_data`
"Aug 16, 2026 8:33:36 PM",corp-na01-bp123na,Query, show table status like 'recover\_your\_data',2026-08-17T02:33:36.270219Z    19 Query show table status like 'recover\_your\_data'
"Aug 16, 2026 8:33:36 PM",corp-na01-bp123na,Query, SET SESSION character_set_results = 'binary',2026-08-17T02:33:36.453291Z    19 Query SET SESSION character_set_results = 'binary'
"Aug 16, 2026 8:33:36 PM",corp-na01-bp123na,Query, SET SESSION character_set_results = 'utf8mb4',2026-08-17T02:33:36.635684Z    19 Query SET SESSION character_set_results = 'utf8mb4'
"Aug 16, 2026 8:33:36 PM",corp-na01-bp123na,Query, SET SQL_QUOTE_SHOW_CREATE=1,2026-08-17T02:33:36.362239Z    19 Query SET SQL_QUOTE_SHOW_CREATE=1
"Aug 16, 2026 8:33:36 PM",corp-na01-bp123na,Query, show fields from `recover_your_data`,2026-08-17T02:33:36.820457Z    19 Query show fields from `recover_your_data`
"Aug 16, 2026 8:33:36 PM",corp-na01-bp123na,Query, LOCK TABLES `recover_your_data` READ /*!32311 LOCAL */,2026-08-17T02:33:36.173336Z    19 Query LOCK TABLES `recover_your_data` READ /*!32311 LOCAL */
"Aug 16, 2026 8:33:35 PM",corp-na01-bp123na,Query," SELECT DISTINCT TABLESPACE_NAME, FILE_NAME, LOGFILE_GROUP_NAME, EXTENT_SIZE, INITIAL_SIZE, ENGINE FROM INFORMATION_SCHEMA.FILES WHERE FILE_TYPE = 'DATAFILE' AND TABLESPACE_NAME IN (SELECT DISTINCT TABLESPACE_NAME FROM INFORMATION_SCHEMA.PARTITIONS WHERE TABLE_SCHEMA IN ('recover_your_data')) ORDER BY TABLESPACE_NAME, LOGFILE_GROUP_NAME","2026-08-17T02:33:35.715370Z    19 Query SELECT DISTINCT TABLESPACE_NAME, FILE_NAME, LOGFILE_GROUP_NAME, EXTENT_SIZE, INITIAL_SIZE, ENGINE FROM INFORMATION_SCHEMA.FILES WHERE FILE_TYPE = 'DATAFILE' AND TABLESPACE_NAME IN (SELECT DISTINCT TABLESPACE_NAME FROM INFORMATION_SCHEMA.PARTITIONS WHERE TABLE_SCHEMA IN ('recover_your_data')) ORDER BY TABLESPACE_NAME, LOGFILE_GROUP_NAME"
"Aug 16, 2026 8:33:35 PM",corp-na01-bp123na,Query, /*!40100 SET @@SQL_MODE='' */,2026-08-17T02:33:35.143569Z    19 Query /*!40100 SET @@SQL_MODE='' */
"Aug 16, 2026 8:33:35 PM",corp-na01-bp123na,Query, SHOW VARIABLES LIKE 'gtid\_mode',2026-08-17T02:33:35.508726Z    19 Query SHOW VARIABLES LIKE 'gtid\_mode'
"Aug 16, 2026 8:33:35 PM",corp-na01-bp123na,Query," SET SESSION NET_READ_TIMEOUT= 700, SESSION NET_WRITE_TIMEOUT= 700","2026-08-17T02:33:35.417372Z    19 Query SET SESSION NET_READ_TIMEOUT= 700, SESSION NET_WRITE_TIMEOUT= 700"
"Aug 16, 2026 8:33:35 PM",corp-na01-bp123na,Query," SELECT LOGFILE_GROUP_NAME, FILE_NAME, TOTAL_EXTENTS, INITIAL_SIZE, ENGINE, EXTRA FROM INFORMATION_SCHEMA.FILES WHERE FILE_TYPE = 'UNDO LOG' AND FILE_NAME IS NOT NULL AND LOGFILE_GROUP_NAME IS NOT NULL AND LOGFILE_GROUP_NAME IN (SELECT DISTINCT LOGFILE_GROUP_NAME FROM INFORMATION_SCHEMA.FILES WHERE FILE_TYPE = 'DATAFILE' AND TABLESPACE_NAME IN (SELECT DISTINCT TABLESPACE_NAME FROM INFORMATION_SCHEMA.PARTITIONS WHERE TABLE_SCHEMA IN ('recover_your_data'))) GROUP BY LOGFILE_GROUP_NAME, FILE_NAME, ENGINE, TOTAL_EXTENTS, INITIAL_SIZE ORDER BY LOGFILE_GROUP_NAME","2026-08-17T02:33:35.618277Z    19 Query SELECT LOGFILE_GROUP_NAME, FILE_NAME, TOTAL_EXTENTS, INITIAL_SIZE, ENGINE, EXTRA FROM INFORMATION_SCHEMA.FILES WHERE FILE_TYPE = 'UNDO LOG' AND FILE_NAME IS NOT NULL AND LOGFILE_GROUP_NAME IS NOT NULL AND LOGFILE_GROUP_NAME IN (SELECT DISTINCT LOGFILE_GROUP_NAME FROM INFORMATION_SCHEMA.FILES WHERE FILE_TYPE = 'DATAFILE' AND TABLESPACE_NAME IN (SELECT DISTINCT TABLESPACE_NAME FROM INFORMATION_SCHEMA.PARTITIONS WHERE TABLE_SCHEMA IN ('recover_your_data'))) GROUP BY LOGFILE_GROUP_NAME, FILE_NAME, ENGINE, TOTAL_EXTENTS, INITIAL_SIZE ORDER BY LOGFILE_GROUP_NAME"
"Aug 16, 2026 8:33:35 PM",corp-na01-bp123na,Query, /*!40103 SET TIME_ZONE='+00:00' */,2026-08-17T02:33:35.234542Z    19 Query /*!40103 SET TIME_ZONE='+00:00' */
"Aug 16, 2026 8:33:35 PM",corp-na01-bp123na,Query, /*!80000 SET SESSION information_schema_stats_expiry=0 */,2026-08-17T02:33:35.325547Z    19 Query /*!80000 SET SESSION information_schema_stats_expiry=0 */
"Aug 16, 2026 8:33:34 PM",corp-na01-bp123na,Query, SHOW TABLES FROM `recover_your_data`,2026-08-17T02:33:34.350472Z    18 Query SHOW TABLES FROM `recover_your_data`
"Aug 16, 2026 8:33:34 PM",corp-na01-bp123na,Query, commit,2026-08-17T02:33:34.445872Z    18 Query commit
"Aug 16, 2026 8:33:34 PM",corp-na01-bp123na,Query, commit,2026-08-17T02:33:34.162161Z    18 Query commit
"Aug 16, 2026 8:33:34 PM",corp-na01-bp123na,Query, SHOW TABLES FROM `recover_your_data`,2026-08-17T02:33:34.045118Z    18 Query SHOW TABLES FROM `recover_your_data`
"Aug 16, 2026 8:33:34 PM",corp-na01-bp123na,Query, commit,2026-08-17T02:33:33.856468Z    18 Query commit
"Aug 16, 2026 8:33:33 PM",corp-na01-bp123na,Query, SET NAMES 'utf8mb4' COLLATE 'utf8mb4_general_ci',2026-08-17T02:33:33.013079Z    18 Query SET NAMES 'utf8mb4' COLLATE 'utf8mb4_general_ci'
"Aug 16, 2026 8:33:33 PM",corp-na01-bp123na,Query, SHOW DATABASES,2026-08-17T02:33:33.761558Z    18 Query SHOW DATABASES
"Aug 16, 2026 8:33:33 PM",corp-na01-bp123na,Query, SET NAMES utf8mb4,2026-08-17T02:33:33.123203Z    18 Query SET NAMES utf8mb4
"Aug 16, 2026 8:33:33 PM",corp-na01-bp123na,Query, set autocommit=0,2026-08-17T02:33:33.218774Z    18 Query set autocommit=0
"Aug 16, 2026 8:33:33 PM",corp-na01-bp123na,Query, SHOW DATABASES LIKE 'mat_server',2026-08-17T02:33:33.410674Z    18 Query SHOW DATABASES LIKE 'mat_server'
"Aug 16, 2026 8:33:33 PM",corp-na01-bp123na,Query, commit,2026-08-17T02:33:33.573132Z    18 Query commit
"Aug 16, 2026 8:27:16 PM",corp-na01-bp123na,Query, SELECT @@max_allowed_packet,2026-08-17T02:27:16.077025Z    17 Query SELECT @@max_allowed_packet
"Aug 14, 2026 6:20:44 PM",corp-na01-bp123na,Query, SHUTDOWN,2026-08-15T00:20:44.429500Z   105 Query SHUTDOWN
"Aug 14, 2026 6:20:44 PM",corp-na01-bp123na,Query, SET AUTOCOMMIT=0,2026-08-15T00:20:43.872402Z   104 Query SET AUTOCOMMIT=0
"Aug 14, 2026 6:20:44 PM",corp-na01-bp123na,Query, SET AUTOCOMMIT=0,2026-08-15T00:20:44.338951Z   105 Query SET AUTOCOMMIT=0
"Aug 14, 2026 6:20:44 PM",corp-na01-bp123na,Query, ,2026-08-15T00:20:44.430751Z   105 Query 
"Aug 14, 2026 6:20:44 PM",corp-na01-bp123na,Query," REVOKE INSERT, UPDATE, DELETE, DROP, CREATE ON *.* FROM `root`@'%'","2026-08-15T00:20:43.965954Z   104 Query REVOKE INSERT, UPDATE, DELETE, DROP, CREATE ON *.* FROM `root`@'%'"
"Aug 14, 2026 6:20:43 PM",corp-na01-bp123na,Query, PURGE BINARY LOGS TO 'josh-mde-lab-bin.000001',2026-08-15T00:20:43.468873Z   103 Query PURGE BINARY LOGS TO 'josh-mde-lab-bin.000001'
"Aug 14, 2026 6:20:43 PM",corp-na01-bp123na,Query, SET AUTOCOMMIT=0,2026-08-15T00:20:43.290209Z   103 Query SET AUTOCOMMIT=0
"Aug 14, 2026 6:20:43 PM",corp-na01-bp123na,Query, SHOW MASTER STATUS,2026-08-15T00:20:43.379711Z   103 Query SHOW MASTER STATUS
"Aug 14, 2026 6:20:42 PM",corp-na01-bp123na,Query, INSERT INTO RECOVER_YOUR_DATA (text) VALUES (' (for more information visit https://bit.ly/22mysql) After payment send mail to ak+2ne16@onionmail.org and we will provide a link for you to download your data. Your DATAID is: 2NE16'),2026-08-15T00:20:42.290489Z   101 Query INSERT INTO RECOVER_YOUR_DATA (text) VALUES (' (for more information visit https://bit.ly/22mysql) After payment send mail to ak+2ne16@onionmail.org and we will provide a link for you to download your data. Your DATAID is: 2NE16')
"Aug 14, 2026 6:20:42 PM",corp-na01-bp123na,Query," INSERT INTO RECOVER_YOUR_DATA (text) VALUES ('All your data was backed up by us. You must pay 0.0135 bitcoin to bc1q7jps5432akuflg9flw2vu6hgmmj5hrrdu6c5gm or in 48 hours, your data will be publicly disclosed and deleted. ')","2026-08-15T00:20:42.167901Z   101 Query INSERT INTO RECOVER_YOUR_DATA (text) VALUES ('All your data was backed up by us. You must pay 0.0135 bitcoin to bc1q7jps5432akuflg9flw2vu6hgmmj5hrrdu6c5gm or in 48 hours, your data will be publicly disclosed and deleted. ')"
"Aug 14, 2026 6:20:42 PM",corp-na01-bp123na,Query, RESET MASTER,2026-08-15T00:20:42.860808Z   102 Query RESET MASTER
"Aug 14, 2026 6:20:42 PM",corp-na01-bp123na,Query, SHOW tables,2026-08-15T00:20:41.885893Z   101 Query SHOW tables
"Aug 14, 2026 6:20:42 PM",corp-na01-bp123na,Query, CREATE TABLE IF NOT EXISTS RECOVER_YOUR_DATA (text VARCHAR(255)),2026-08-15T00:20:41.982414Z   101 Query CREATE TABLE IF NOT EXISTS RECOVER_YOUR_DATA (text VARCHAR(255))
"Aug 14, 2026 6:20:42 PM",corp-na01-bp123na,Query, SET AUTOCOMMIT=0,2026-08-15T00:20:42.767968Z   102 Query SET AUTOCOMMIT=0
"Aug 14, 2026 6:20:42 PM",corp-na01-bp123na,Query, COMMIT,2026-08-15T00:20:42.391647Z   101 Query COMMIT
"Aug 14, 2026 6:20:41 PM",corp-na01-bp123na,Query, DROP DATABASE `world`,2026-08-15T00:20:40.936573Z   100 Query DROP DATABASE `world`
"Aug 14, 2026 6:20:41 PM",corp-na01-bp123na,Query, USE RECOVER_YOUR_DATA,2026-08-15T00:20:41.796256Z   101 Query USE RECOVER_YOUR_DATA
"Aug 14, 2026 6:20:41 PM",corp-na01-bp123na,Query, SET AUTOCOMMIT=0,2026-08-15T00:20:41.486926Z   101 Query SET AUTOCOMMIT=0
"Aug 14, 2026 6:20:41 PM",corp-na01-bp123na,Query, CREATE DATABASE IF NOT EXISTS RECOVER_YOUR_DATA,2026-08-15T00:20:41.579128Z   101 Query CREATE DATABASE IF NOT EXISTS RECOVER_YOUR_DATA
"Aug 14, 2026 6:20:41 PM",corp-na01-bp123na,Query, COMMIT,2026-08-15T00:20:41.049502Z   100 Query COMMIT
"Aug 14, 2026 6:20:41 PM",corp-na01-bp123na,Query, COMMIT,2026-08-15T00:20:41.676908Z   101 Query COMMIT
"Aug 14, 2026 6:20:40 PM",corp-na01-bp123na,Query, DROP DATABASE `lnp_corp`,2026-08-15T00:20:40.203118Z   100 Query DROP DATABASE `lnp_corp`
"Aug 14, 2026 6:20:40 PM",corp-na01-bp123na,Query, DROP DATABASE `sakila`,2026-08-15T00:20:40.410217Z   100 Query DROP DATABASE `sakila`
"Aug 14, 2026 6:20:40 PM",corp-na01-bp123na,Query, COMMIT,2026-08-15T00:20:40.316855Z   100 Query COMMIT
"Aug 14, 2026 6:20:40 PM",corp-na01-bp123na,Query, COMMIT,2026-08-15T00:20:40.845955Z   100 Query COMMIT
"Aug 14, 2026 6:20:40 PM",corp-na01-bp123na,Query, SET AUTOCOMMIT=0,2026-08-15T00:20:40.113141Z   100 Query SET AUTOCOMMIT=0
"Aug 14, 2026 6:20:39 PM",corp-na01-bp123na,Query, COMMIT,2026-08-15T00:20:39.738800Z    93 Query COMMIT
"Aug 14, 2026 6:20:39 PM",corp-na01-bp123na,Query, DROP TABLE `city`,2026-08-15T00:20:39.316229Z    93 Query DROP TABLE `city`
"Aug 14, 2026 6:20:39 PM",corp-na01-bp123na,Query, ALTER TABLE `city` DROP FOREIGN KEY `city_ibfk_1`,2026-08-15T00:20:38.981152Z    93 Query ALTER TABLE `city` DROP FOREIGN KEY `city_ibfk_1`
"Aug 14, 2026 6:20:39 PM",corp-na01-bp123na,Query," INSERT INTO RECOVER_YOUR_DATA (text) VALUES ('All your data was backed up by us. You must pay 0.0135 bitcoin to bc1q7jps5432akuflg9flw2vu6hgmmj5hrrdu6c5gm or in 48 hours, your data will be publicly disclosed and deleted. ')","2026-08-15T00:20:39.559406Z    93 Query INSERT INTO RECOVER_YOUR_DATA (text) VALUES ('All your data was backed up by us. You must pay 0.0135 bitcoin to bc1q7jps5432akuflg9flw2vu6hgmmj5hrrdu6c5gm or in 48 hours, your data will be publicly disclosed and deleted. ')"
"Aug 14, 2026 6:20:39 PM",corp-na01-bp123na,Query, DROP TABLE `country`,2026-08-15T00:20:39.202113Z    93 Query DROP TABLE `country`
"Aug 14, 2026 6:20:39 PM",corp-na01-bp123na,Query, INSERT INTO RECOVER_YOUR_DATA (text) VALUES (' (for more information visit https://bit.ly/22mysql) After payment send mail to ak+2ne16@onionmail.org and we will provide a link for you to download your data. Your DATAID is: 2NE16'),2026-08-15T00:20:39.649416Z    93 Query INSERT INTO RECOVER_YOUR_DATA (text) VALUES (' (for more information visit https://bit.ly/22mysql) After payment send mail to ak+2ne16@onionmail.org and we will provide a link for you to download your data. Your DATAID is: 2NE16')
"Aug 14, 2026 6:20:39 PM",corp-na01-bp123na,Query," SELECT TABLE_NAME, COLUMN_NAME, CONSTRAINT_NAME, REFERENCED_TABLE_NAME, REFERENCED_COLUMN_NAME FROM information_schema.KEY_COLUMN_USAGE WHERE TABLE_SCHEMA = 'world' AND TABLE_NAME = 'city' AND REFERENCED_TABLE_NAME IS NOT NULL","2026-08-15T00:20:38.890337Z    93 Query SELECT TABLE_NAME, COLUMN_NAME, CONSTRAINT_NAME, REFERENCED_TABLE_NAME, REFERENCED_COLUMN_NAME FROM information_schema.KEY_COLUMN_USAGE WHERE TABLE_SCHEMA = 'world' AND TABLE_NAME = 'city' AND REFERENCED_TABLE_NAME IS NOT NULL"
"Aug 14, 2026 6:20:39 PM",corp-na01-bp123na,Query, DROP TABLE `countrylanguage`,2026-08-15T00:20:39.091404Z    93 Query DROP TABLE `countrylanguage`
"Aug 14, 2026 6:20:39 PM",corp-na01-bp123na,Query, CREATE TABLE IF NOT EXISTS RECOVER_YOUR_DATA (text VARCHAR(255)),2026-08-15T00:20:39.429952Z    93 Query CREATE TABLE IF NOT EXISTS RECOVER_YOUR_DATA (text VARCHAR(255))
"Aug 14, 2026 6:20:38 PM",corp-na01-bp123na,Query," SELECT TABLE_NAME, COLUMN_NAME, CONSTRAINT_NAME, REFERENCED_TABLE_NAME, REFERENCED_COLUMN_NAME FROM information_schema.KEY_COLUMN_USAGE WHERE TABLE_SCHEMA = 'world' AND TABLE_NAME = 'country' AND REFERENCED_TABLE_NAME IS NOT NULL","2026-08-15T00:20:38.800244Z    93 Query SELECT TABLE_NAME, COLUMN_NAME, CONSTRAINT_NAME, REFERENCED_TABLE_NAME, REFERENCED_COLUMN_NAME FROM information_schema.KEY_COLUMN_USAGE WHERE TABLE_SCHEMA = 'world' AND TABLE_NAME = 'country' AND REFERENCED_TABLE_NAME IS NOT NULL"
"Aug 14, 2026 6:20:38 PM",corp-na01-bp123na,Query, USE `world`,2026-08-15T00:20:38.415505Z    93 Query USE `world`
"Aug 14, 2026 6:20:38 PM",corp-na01-bp123na,Query, SHOW TABLES,2026-08-15T00:20:38.504891Z    93 Query SHOW TABLES
"Aug 14, 2026 6:20:38 PM",corp-na01-bp123na,Query, SELECT * FROM countrylanguage LIMIT 10,2026-08-15T00:20:38.305222Z    99 Query SELECT * FROM countrylanguage LIMIT 10
"Aug 14, 2026 6:20:38 PM",corp-na01-bp123na,Query," SELECT TABLE_NAME, COLUMN_NAME, CONSTRAINT_NAME, REFERENCED_TABLE_NAME, REFERENCED_COLUMN_NAME FROM information_schema.KEY_COLUMN_USAGE WHERE TABLE_SCHEMA = 'world' AND TABLE_NAME = 'countrylanguage' AND REFERENCED_TABLE_NAME IS NOT NULL","2026-08-15T00:20:38.605343Z    93 Query SELECT TABLE_NAME, COLUMN_NAME, CONSTRAINT_NAME, REFERENCED_TABLE_NAME, REFERENCED_COLUMN_NAME FROM information_schema.KEY_COLUMN_USAGE WHERE TABLE_SCHEMA = 'world' AND TABLE_NAME = 'countrylanguage' AND REFERENCED_TABLE_NAME IS NOT NULL"
"Aug 14, 2026 6:20:38 PM",corp-na01-bp123na,Query, ALTER TABLE `countrylanguage` DROP FOREIGN KEY `countryLanguage_ibfk_1`,2026-08-15T00:20:38.695543Z    93 Query ALTER TABLE `countrylanguage` DROP FOREIGN KEY `countryLanguage_ibfk_1`
"Aug 14, 2026 6:20:37 PM",corp-na01-bp123na,Query," SELECT engine, table_type FROM INFORMATION_SCHEMA.TABLES WHERE table_schema = DATABASE() AND table_name = 'countrylanguage'","2026-08-15T00:20:37.183047Z    98 Query SELECT engine, table_type FROM INFORMATION_SCHEMA.TABLES WHERE table_schema = DATABASE() AND table_name = 'countrylanguage'"
"Aug 14, 2026 6:20:37 PM",corp-na01-bp123na,Query, SHOW VARIABLES LIKE 'lower_case_table_names',2026-08-15T00:20:36.994152Z    98 Query SHOW VARIABLES LIKE 'lower_case_table_names'
"Aug 14, 2026 6:20:37 PM",corp-na01-bp123na,Query," SELECT engine, table_type FROM INFORMATION_SCHEMA.TABLES WHERE table_schema = DATABASE() AND table_name = 'countrylanguage'","2026-08-15T00:20:37.276938Z    98 Query SELECT engine, table_type FROM INFORMATION_SCHEMA.TABLES WHERE table_schema = DATABASE() AND table_name = 'countrylanguage'"
"Aug 14, 2026 6:20:37 PM",corp-na01-bp123na,Query, set optimizer_switch=default,2026-08-15T00:20:36.808128Z    98 Query set optimizer_switch=default
"Aug 14, 2026 6:20:37 PM",corp-na01-bp123na,Query," select column_name, extra, generation_expression, data_type from information_schema.columns where table_schema=database() and table_name='countrylanguage' order by ordinal_position","2026-08-15T00:20:37.463971Z    98 Query select column_name, extra, generation_expression, data_type from information_schema.columns where table_schema=database() and table_name='countrylanguage' order by ordinal_position"
"Aug 14, 2026 6:20:37 PM",corp-na01-bp123na,Query," SELECT /*!40001 SQL_NO_CACHE */ `CountryCode`, `Language`, `IsOfficial`, `Percentage` FROM `countrylanguage` WHERE 1 LIMIT 10","2026-08-15T00:20:37.557613Z    98 Query SELECT /*!40001 SQL_NO_CACHE */ `CountryCode`, `Language`, `IsOfficial`, `Percentage` FROM `countrylanguage` WHERE 1 LIMIT 10"
"Aug 14, 2026 6:20:37 PM",corp-na01-bp123na,Query, SELECT table_name FROM INFORMATION_SCHEMA.TABLES WHERE table_schema = DATABASE() AND table_name = 'countrylanguage',2026-08-15T00:20:37.088142Z    98 Query SELECT table_name FROM INFORMATION_SCHEMA.TABLES WHERE table_schema = DATABASE() AND table_name = 'countrylanguage'
"Aug 14, 2026 6:20:37 PM",corp-na01-bp123na,Query," SELECT DISTINCT TABLESPACE_NAME, FILE_NAME, LOGFILE_GROUP_NAME, EXTENT_SIZE, INITIAL_SIZE, ENGINE FROM INFORMATION_SCHEMA.FILES WHERE FILE_TYPE = 'DATAFILE' AND TABLESPACE_NAME IN (SELECT DISTINCT TABLESPACE_NAME FROM INFORMATION_SCHEMA.PARTITIONS WHERE TABLE_SCHEMA='world' AND TABLE_NAME IN ('countrylanguage')) ORDER BY TABLESPACE_NAME, LOGFILE_GROUP_NAME","2026-08-15T00:20:36.714257Z    98 Query SELECT DISTINCT TABLESPACE_NAME, FILE_NAME, LOGFILE_GROUP_NAME, EXTENT_SIZE, INITIAL_SIZE, ENGINE FROM INFORMATION_SCHEMA.FILES WHERE FILE_TYPE = 'DATAFILE' AND TABLESPACE_NAME IN (SELECT DISTINCT TABLESPACE_NAME FROM INFORMATION_SCHEMA.PARTITIONS WHERE TABLE_SCHEMA='world' AND TABLE_NAME IN ('countrylanguage')) ORDER BY TABLESPACE_NAME, LOGFILE_GROUP_NAME"
"Aug 14, 2026 6:20:37 PM",corp-na01-bp123na,Query, SET SQL_QUOTE_SHOW_CREATE=1,2026-08-15T00:20:37.370971Z    98 Query SET SQL_QUOTE_SHOW_CREATE=1
"Aug 14, 2026 6:20:36 PM",corp-na01-bp123na,Query, /*M!100100 SET WAIT_TIMEOUT=DEFAULT */,2026-08-15T00:20:36.429202Z    98 Query /*M!100100 SET WAIT_TIMEOUT=DEFAULT */
"Aug 14, 2026 6:20:36 PM",corp-na01-bp123na,Query, set optimizer_switch='semijoin=off',2026-08-15T00:20:36.522126Z    98 Query set optimizer_switch='semijoin=off'
"Aug 14, 2026 6:20:36 PM",corp-na01-bp123na,Query, /*!40100 SET @@SQL_MODE='' */,2026-08-15T00:20:36.243480Z    98 Query /*!40100 SET @@SQL_MODE='' */
"Aug 14, 2026 6:20:36 PM",corp-na01-bp123na,Query," SELECT LOGFILE_GROUP_NAME, FILE_NAME, TOTAL_EXTENTS, INITIAL_SIZE, ENGINE, EXTRA FROM INFORMATION_SCHEMA.FILES WHERE FILE_TYPE = 'UNDO LOG' AND FILE_NAME IS NOT NULL AND LOGFILE_GROUP_NAME IS NOT NULL AND LOGFILE_GROUP_NAME IN (SELECT DISTINCT LOGFILE_GROUP_NAME FROM INFORMATION_SCHEMA.FILES WHERE FILE_TYPE = 'DATAFILE' AND TABLESPACE_NAME IN (SELECT DISTINCT TABLESPACE_NAME FROM INFORMATION_SCHEMA.PARTITIONS WHERE TABLE_SCHEMA='world' AND TABLE_NAME IN ('countrylanguage'))) GROUP BY LOGFILE_GROUP_NAME, FILE_NAME, ENGINE, TOTAL_EXTENTS, INITIAL_SIZE ORDER BY LOGFILE_GROUP_NAME","2026-08-15T00:20:36.619257Z    98 Query SELECT LOGFILE_GROUP_NAME, FILE_NAME, TOTAL_EXTENTS, INITIAL_SIZE, ENGINE, EXTRA FROM INFORMATION_SCHEMA.FILES WHERE FILE_TYPE = 'UNDO LOG' AND FILE_NAME IS NOT NULL AND LOGFILE_GROUP_NAME IS NOT NULL AND LOGFILE_GROUP_NAME IN (SELECT DISTINCT LOGFILE_GROUP_NAME FROM INFORMATION_SCHEMA.FILES WHERE FILE_TYPE = 'DATAFILE' AND TABLESPACE_NAME IN (SELECT DISTINCT TABLESPACE_NAME FROM INFORMATION_SCHEMA.PARTITIONS WHERE TABLE_SCHEMA='world' AND TABLE_NAME IN ('countrylanguage'))) GROUP BY LOGFILE_GROUP_NAME, FILE_NAME, ENGINE, TOTAL_EXTENTS, INITIAL_SIZE ORDER BY LOGFILE_GROUP_NAME"
"Aug 14, 2026 6:20:36 PM",corp-na01-bp123na,Query, /*M!100100 SET @@MAX_STATEMENT_TIME=0.000000 */,2026-08-15T00:20:36.336405Z    98 Query /*M!100100 SET @@MAX_STATEMENT_TIME=0.000000 */
"Aug 14, 2026 6:20:35 PM",corp-na01-bp123na,Query, SELECT * FROM country LIMIT 10,2026-08-15T00:20:35.512246Z    97 Query SELECT * FROM country LIMIT 10
"Aug 14, 2026 6:20:34 PM",corp-na01-bp123na,Query, SHOW VARIABLES LIKE 'lower_case_table_names',2026-08-15T00:20:34.195111Z    96 Query SHOW VARIABLES LIKE 'lower_case_table_names'
"Aug 14, 2026 6:20:34 PM",corp-na01-bp123na,Query," select column_name, extra, generation_expression, data_type from information_schema.columns where table_schema=database() and table_name='country' order by ordinal_position","2026-08-15T00:20:34.663412Z    96 Query select column_name, extra, generation_expression, data_type from information_schema.columns where table_schema=database() and table_name='country' order by ordinal_position"
"Aug 14, 2026 6:20:34 PM",corp-na01-bp123na,Query," SELECT /*!40001 SQL_NO_CACHE */ `Code`, `Name`, `Continent`, `Region`, `SurfaceArea`, `IndepYear`, `Population`, `LifeExpectancy`, `GNP`, `GNPOld`, `LocalName`, `GovernmentForm`, `HeadOfState`, `Capital`, `Code2` FROM `country` WHERE 1 LIMIT 10","2026-08-15T00:20:34.757010Z    96 Query SELECT /*!40001 SQL_NO_CACHE */ `Code`, `Name`, `Continent`, `Region`, `SurfaceArea`, `IndepYear`, `Population`, `LifeExpectancy`, `GNP`, `GNPOld`, `LocalName`, `GovernmentForm`, `HeadOfState`, `Capital`, `Code2` FROM `country` WHERE 1 LIMIT 10"
"Aug 14, 2026 6:20:34 PM",corp-na01-bp123na,Query, set optimizer_switch=default,2026-08-15T00:20:34.009568Z    96 Query set optimizer_switch=default
"Aug 14, 2026 6:20:34 PM",corp-na01-bp123na,Query, SET SQL_QUOTE_SHOW_CREATE=1,2026-08-15T00:20:34.570432Z    96 Query SET SQL_QUOTE_SHOW_CREATE=1
"Aug 14, 2026 6:20:34 PM",corp-na01-bp123na,Query," SELECT engine, table_type FROM INFORMATION_SCHEMA.TABLES WHERE table_schema = DATABASE() AND table_name = 'country'","2026-08-15T00:20:34.382956Z    96 Query SELECT engine, table_type FROM INFORMATION_SCHEMA.TABLES WHERE table_schema = DATABASE() AND table_name = 'country'"
"Aug 14, 2026 6:20:34 PM",corp-na01-bp123na,Query, SELECT table_name FROM INFORMATION_SCHEMA.TABLES WHERE table_schema = DATABASE() AND table_name = 'country',2026-08-15T00:20:34.289188Z    96 Query SELECT table_name FROM INFORMATION_SCHEMA.TABLES WHERE table_schema = DATABASE() AND table_name = 'country'
"Aug 14, 2026 6:20:34 PM",corp-na01-bp123na,Query," SELECT engine, table_type FROM INFORMATION_SCHEMA.TABLES WHERE table_schema = DATABASE() AND table_name = 'country'","2026-08-15T00:20:34.476576Z    96 Query SELECT engine, table_type FROM INFORMATION_SCHEMA.TABLES WHERE table_schema = DATABASE() AND table_name = 'country'"
"Aug 14, 2026 6:20:34 PM",corp-na01-bp123na,Query," SELECT DISTINCT TABLESPACE_NAME, FILE_NAME, LOGFILE_GROUP_NAME, EXTENT_SIZE, INITIAL_SIZE, ENGINE FROM INFORMATION_SCHEMA.FILES WHERE FILE_TYPE = 'DATAFILE' AND TABLESPACE_NAME IN (SELECT DISTINCT TABLESPACE_NAME FROM INFORMATION_SCHEMA.PARTITIONS WHERE TABLE_SCHEMA='world' AND TABLE_NAME IN ('country')) ORDER BY TABLESPACE_NAME, LOGFILE_GROUP_NAME","2026-08-15T00:20:33.915138Z    96 Query SELECT DISTINCT TABLESPACE_NAME, FILE_NAME, LOGFILE_GROUP_NAME, EXTENT_SIZE, INITIAL_SIZE, ENGINE FROM INFORMATION_SCHEMA.FILES WHERE FILE_TYPE = 'DATAFILE' AND TABLESPACE_NAME IN (SELECT DISTINCT TABLESPACE_NAME FROM INFORMATION_SCHEMA.PARTITIONS WHERE TABLE_SCHEMA='world' AND TABLE_NAME IN ('country')) ORDER BY TABLESPACE_NAME, LOGFILE_GROUP_NAME"
"Aug 14, 2026 6:20:33 PM",corp-na01-bp123na,Query," SELECT LOGFILE_GROUP_NAME, FILE_NAME, TOTAL_EXTENTS, INITIAL_SIZE, ENGINE, EXTRA FROM INFORMATION_SCHEMA.FILES WHERE FILE_TYPE = 'UNDO LOG' AND FILE_NAME IS NOT NULL AND LOGFILE_GROUP_NAME IS NOT NULL AND LOGFILE_GROUP_NAME IN (SELECT DISTINCT LOGFILE_GROUP_NAME FROM INFORMATION_SCHEMA.FILES WHERE FILE_TYPE = 'DATAFILE' AND TABLESPACE_NAME IN (SELECT DISTINCT TABLESPACE_NAME FROM INFORMATION_SCHEMA.PARTITIONS WHERE TABLE_SCHEMA='world' AND TABLE_NAME IN ('country'))) GROUP BY LOGFILE_GROUP_NAME, FILE_NAME, ENGINE, TOTAL_EXTENTS, INITIAL_SIZE ORDER BY LOGFILE_GROUP_NAME","2026-08-15T00:20:33.819450Z    96 Query SELECT LOGFILE_GROUP_NAME, FILE_NAME, TOTAL_EXTENTS, INITIAL_SIZE, ENGINE, EXTRA FROM INFORMATION_SCHEMA.FILES WHERE FILE_TYPE = 'UNDO LOG' AND FILE_NAME IS NOT NULL AND LOGFILE_GROUP_NAME IS NOT NULL AND LOGFILE_GROUP_NAME IN (SELECT DISTINCT LOGFILE_GROUP_NAME FROM INFORMATION_SCHEMA.FILES WHERE FILE_TYPE = 'DATAFILE' AND TABLESPACE_NAME IN (SELECT DISTINCT TABLESPACE_NAME FROM INFORMATION_SCHEMA.PARTITIONS WHERE TABLE_SCHEMA='world' AND TABLE_NAME IN ('country'))) GROUP BY LOGFILE_GROUP_NAME, FILE_NAME, ENGINE, TOTAL_EXTENTS, INITIAL_SIZE ORDER BY LOGFILE_GROUP_NAME"
"Aug 14, 2026 6:20:33 PM",corp-na01-bp123na,Query, /*M!100100 SET @@MAX_STATEMENT_TIME=0.000000 */,2026-08-15T00:20:33.541184Z    96 Query /*M!100100 SET @@MAX_STATEMENT_TIME=0.000000 */
"Aug 14, 2026 6:20:33 PM",corp-na01-bp123na,Query, /*!40100 SET @@SQL_MODE='' */,2026-08-15T00:20:33.448485Z    96 Query /*!40100 SET @@SQL_MODE='' */
"Aug 14, 2026 6:20:33 PM",corp-na01-bp123na,Query, set optimizer_switch='semijoin=off',2026-08-15T00:20:33.726708Z    96 Query set optimizer_switch='semijoin=off'
"Aug 14, 2026 6:20:33 PM",corp-na01-bp123na,Query, /*M!100100 SET WAIT_TIMEOUT=DEFAULT */,2026-08-15T00:20:33.633872Z    96 Query /*M!100100 SET WAIT_TIMEOUT=DEFAULT */
"Aug 14, 2026 6:20:32 PM",corp-na01-bp123na,Query, SELECT * FROM city LIMIT 10,2026-08-15T00:20:32.775192Z    95 Query SELECT * FROM city LIMIT 10
"Aug 14, 2026 6:20:32 PM",corp-na01-bp123na,Query," SELECT /*!40001 SQL_NO_CACHE */ `ID`, `Name`, `CountryCode`, `District`, `Population` FROM `city` WHERE 1 LIMIT 10","2026-08-15T00:20:32.027997Z    94 Query SELECT /*!40001 SQL_NO_CACHE */ `ID`, `Name`, `CountryCode`, `District`, `Population` FROM `city` WHERE 1 LIMIT 10"
"Aug 14, 2026 6:20:32 PM",corp-na01-bp123na,Query," select column_name, extra, generation_expression, data_type from information_schema.columns where table_schema=database() and table_name='city' order by ordinal_position","2026-08-15T00:20:31.938093Z    94 Query select column_name, extra, generation_expression, data_type from information_schema.columns where table_schema=database() and table_name='city' order by ordinal_position"
"Aug 14, 2026 6:20:31 PM",corp-na01-bp123na,Query, set optimizer_switch='semijoin=off',2026-08-15T00:20:31.035357Z    94 Query set optimizer_switch='semijoin=off'
"Aug 14, 2026 6:20:31 PM",corp-na01-bp123na,Query, /*M!100100 SET WAIT_TIMEOUT=DEFAULT */,2026-08-15T00:20:30.945410Z    94 Query /*M!100100 SET WAIT_TIMEOUT=DEFAULT */
"Aug 14, 2026 6:20:31 PM",corp-na01-bp123na,Query," SELECT engine, table_type FROM INFORMATION_SCHEMA.TABLES WHERE table_schema = DATABASE() AND table_name = 'city'","2026-08-15T00:20:31.667918Z    94 Query SELECT engine, table_type FROM INFORMATION_SCHEMA.TABLES WHERE table_schema = DATABASE() AND table_name = 'city'"
"Aug 14, 2026 6:20:31 PM",corp-na01-bp123na,Query, SHOW VARIABLES LIKE 'lower_case_table_names',2026-08-15T00:20:31.487093Z    94 Query SHOW VARIABLES LIKE 'lower_case_table_names'
"Aug 14, 2026 6:20:31 PM",corp-na01-bp123na,Query," SELECT LOGFILE_GROUP_NAME, FILE_NAME, TOTAL_EXTENTS, INITIAL_SIZE, ENGINE, EXTRA FROM INFORMATION_SCHEMA.FILES WHERE FILE_TYPE = 'UNDO LOG' AND FILE_NAME IS NOT NULL AND LOGFILE_GROUP_NAME IS NOT NULL AND LOGFILE_GROUP_NAME IN (SELECT DISTINCT LOGFILE_GROUP_NAME FROM INFORMATION_SCHEMA.FILES WHERE FILE_TYPE = 'DATAFILE' AND TABLESPACE_NAME IN (SELECT DISTINCT TABLESPACE_NAME FROM INFORMATION_SCHEMA.PARTITIONS WHERE TABLE_SCHEMA='world' AND TABLE_NAME IN ('city'))) GROUP BY LOGFILE_GROUP_NAME, FILE_NAME, ENGINE, TOTAL_EXTENTS, INITIAL_SIZE ORDER BY LOGFILE_GROUP_NAME","2026-08-15T00:20:31.124952Z    94 Query SELECT LOGFILE_GROUP_NAME, FILE_NAME, TOTAL_EXTENTS, INITIAL_SIZE, ENGINE, EXTRA FROM INFORMATION_SCHEMA.FILES WHERE FILE_TYPE = 'UNDO LOG' AND FILE_NAME IS NOT NULL AND LOGFILE_GROUP_NAME IS NOT NULL AND LOGFILE_GROUP_NAME IN (SELECT DISTINCT LOGFILE_GROUP_NAME FROM INFORMATION_SCHEMA.FILES WHERE FILE_TYPE = 'DATAFILE' AND TABLESPACE_NAME IN (SELECT DISTINCT TABLESPACE_NAME FROM INFORMATION_SCHEMA.PARTITIONS WHERE TABLE_SCHEMA='world' AND TABLE_NAME IN ('city'))) GROUP BY LOGFILE_GROUP_NAME, FILE_NAME, ENGINE, TOTAL_EXTENTS, INITIAL_SIZE ORDER BY LOGFILE_GROUP_NAME"
"Aug 14, 2026 6:20:31 PM",corp-na01-bp123na,Query, SELECT table_name FROM INFORMATION_SCHEMA.TABLES WHERE table_schema = DATABASE() AND table_name = 'city',2026-08-15T00:20:31.578039Z    94 Query SELECT table_name FROM INFORMATION_SCHEMA.TABLES WHERE table_schema = DATABASE() AND table_name = 'city'
"Aug 14, 2026 6:20:31 PM",corp-na01-bp123na,Query, SET SQL_QUOTE_SHOW_CREATE=1,2026-08-15T00:20:31.848716Z    94 Query SET SQL_QUOTE_SHOW_CREATE=1
"Aug 14, 2026 6:20:31 PM",corp-na01-bp123na,Query," SELECT DISTINCT TABLESPACE_NAME, FILE_NAME, LOGFILE_GROUP_NAME, EXTENT_SIZE, INITIAL_SIZE, ENGINE FROM INFORMATION_SCHEMA.FILES WHERE FILE_TYPE = 'DATAFILE' AND TABLESPACE_NAME IN (SELECT DISTINCT TABLESPACE_NAME FROM INFORMATION_SCHEMA.PARTITIONS WHERE TABLE_SCHEMA='world' AND TABLE_NAME IN ('city')) ORDER BY TABLESPACE_NAME, LOGFILE_GROUP_NAME","2026-08-15T00:20:31.216980Z    94 Query SELECT DISTINCT TABLESPACE_NAME, FILE_NAME, LOGFILE_GROUP_NAME, EXTENT_SIZE, INITIAL_SIZE, ENGINE FROM INFORMATION_SCHEMA.FILES WHERE FILE_TYPE = 'DATAFILE' AND TABLESPACE_NAME IN (SELECT DISTINCT TABLESPACE_NAME FROM INFORMATION_SCHEMA.PARTITIONS WHERE TABLE_SCHEMA='world' AND TABLE_NAME IN ('city')) ORDER BY TABLESPACE_NAME, LOGFILE_GROUP_NAME"
"Aug 14, 2026 6:20:31 PM",corp-na01-bp123na,Query, set optimizer_switch=default,2026-08-15T00:20:31.308244Z    94 Query set optimizer_switch=default
"Aug 14, 2026 6:20:31 PM",corp-na01-bp123na,Query," SELECT engine, table_type FROM INFORMATION_SCHEMA.TABLES WHERE table_schema = DATABASE() AND table_name = 'city'","2026-08-15T00:20:31.758843Z    94 Query SELECT engine, table_type FROM INFORMATION_SCHEMA.TABLES WHERE table_schema = DATABASE() AND table_name = 'city'"
"Aug 14, 2026 6:20:30 PM",corp-na01-bp123na,Query, USE `world`,2026-08-15T00:20:29.962090Z    93 Query USE `world`
"Aug 14, 2026 6:20:30 PM",corp-na01-bp123na,Query, /*!40100 SET @@SQL_MODE='' */,2026-08-15T00:20:30.766769Z    94 Query /*!40100 SET @@SQL_MODE='' */
"Aug 14, 2026 6:20:30 PM",corp-na01-bp123na,Query, SHOW tables,2026-08-15T00:20:30.052185Z    93 Query SHOW tables
"Aug 14, 2026 6:20:30 PM",corp-na01-bp123na,Query, /*M!100100 SET @@MAX_STATEMENT_TIME=0.000000 */,2026-08-15T00:20:30.856018Z    94 Query /*M!100100 SET @@MAX_STATEMENT_TIME=0.000000 */
"Aug 14, 2026 6:20:30 PM",corp-na01-bp123na,Query, SELECT SUM(data_length + index_length) FROM information_schema.tables WHERE table_schema = 'world',2026-08-15T00:20:29.870267Z    93 Query SELECT SUM(data_length + index_length) FROM information_schema.tables WHERE table_schema = 'world'
"Aug 14, 2026 6:20:29 PM",corp-na01-bp123na,Query, SET AUTOCOMMIT=0,2026-08-15T00:20:29.342207Z    92 Query SET AUTOCOMMIT=0
"Aug 14, 2026 6:20:29 PM",corp-na01-bp123na,Query, COMMIT,2026-08-15T00:20:28.946961Z    45 Query COMMIT
"Aug 14, 2026 6:20:29 PM",corp-na01-bp123na,Query, SET AUTOCOMMIT=0,2026-08-15T00:20:29.780096Z    93 Query SET AUTOCOMMIT=0
"Aug 14, 2026 6:20:28 PM",corp-na01-bp123na,Query, INSERT INTO RECOVER_YOUR_DATA (text) VALUES (' (for more information visit https://bit.ly/22mysql) After payment send mail to ak+2ne16@onionmail.org and we will provide a link for you to download your data. Your DATAID is: 2NE16'),2026-08-15T00:20:28.854212Z    45 Query INSERT INTO RECOVER_YOUR_DATA (text) VALUES (' (for more information visit https://bit.ly/22mysql) After payment send mail to ak+2ne16@onionmail.org and we will provide a link for you to download your data. Your DATAID is: 2NE16')
"Aug 14, 2026 6:20:28 PM",corp-na01-bp123na,Query, CREATE TABLE IF NOT EXISTS RECOVER_YOUR_DATA (text VARCHAR(255)),2026-08-15T00:20:28.618620Z    45 Query CREATE TABLE IF NOT EXISTS RECOVER_YOUR_DATA (text VARCHAR(255))
"Aug 14, 2026 6:20:28 PM",corp-na01-bp123na,Query, DROP TABLE `store`,2026-08-15T00:20:28.406303Z    45 Query DROP TABLE `store`
"Aug 14, 2026 6:20:28 PM",corp-na01-bp123na,Query," SELECT TABLE_NAME, COLUMN_NAME, CONSTRAINT_NAME, REFERENCED_TABLE_NAME, REFERENCED_COLUMN_NAME FROM information_schema.KEY_COLUMN_USAGE WHERE TABLE_SCHEMA = 'sakila' AND TABLE_NAME = 'actor_info' AND REFERENCED_TABLE_NAME IS NOT NULL","2026-08-15T00:20:28.219104Z    45 Query SELECT TABLE_NAME, COLUMN_NAME, CONSTRAINT_NAME, REFERENCED_TABLE_NAME, REFERENCED_COLUMN_NAME FROM information_schema.KEY_COLUMN_USAGE WHERE TABLE_SCHEMA = 'sakila' AND TABLE_NAME = 'actor_info' AND REFERENCED_TABLE_NAME IS NOT NULL"
"Aug 14, 2026 6:20:28 PM",corp-na01-bp123na,Query," SELECT TABLE_NAME, COLUMN_NAME, CONSTRAINT_NAME, REFERENCED_TABLE_NAME, REFERENCED_COLUMN_NAME FROM information_schema.KEY_COLUMN_USAGE WHERE TABLE_SCHEMA = 'sakila' AND TABLE_NAME = 'address' AND REFERENCED_TABLE_NAME IS NOT NULL","2026-08-15T00:20:28.016574Z    45 Query SELECT TABLE_NAME, COLUMN_NAME, CONSTRAINT_NAME, REFERENCED_TABLE_NAME, REFERENCED_COLUMN_NAME FROM information_schema.KEY_COLUMN_USAGE WHERE TABLE_SCHEMA = 'sakila' AND TABLE_NAME = 'address' AND REFERENCED_TABLE_NAME IS NOT NULL"
"Aug 14, 2026 6:20:28 PM",corp-na01-bp123na,Query," SELECT TABLE_NAME, COLUMN_NAME, CONSTRAINT_NAME, REFERENCED_TABLE_NAME, REFERENCED_COLUMN_NAME FROM information_schema.KEY_COLUMN_USAGE WHERE TABLE_SCHEMA = 'sakila' AND TABLE_NAME = 'category' AND REFERENCED_TABLE_NAME IS NOT NULL","2026-08-15T00:20:27.923031Z    45 Query SELECT TABLE_NAME, COLUMN_NAME, CONSTRAINT_NAME, REFERENCED_TABLE_NAME, REFERENCED_COLUMN_NAME FROM information_schema.KEY_COLUMN_USAGE WHERE TABLE_SCHEMA = 'sakila' AND TABLE_NAME = 'category' AND REFERENCED_TABLE_NAME IS NOT NULL"
"Aug 14, 2026 6:20:28 PM",corp-na01-bp123na,Query," INSERT INTO RECOVER_YOUR_DATA (text) VALUES ('All your data was backed up by us. You must pay 0.0135 bitcoin to bc1q7jps5432akuflg9flw2vu6hgmmj5hrrdu6c5gm or in 48 hours, your data will be publicly disclosed and deleted. ')","2026-08-15T00:20:28.760720Z    45 Query INSERT INTO RECOVER_YOUR_DATA (text) VALUES ('All your data was backed up by us. You must pay 0.0135 bitcoin to bc1q7jps5432akuflg9flw2vu6hgmmj5hrrdu6c5gm or in 48 hours, your data will be publicly disclosed and deleted. ')"
"Aug 14, 2026 6:20:28 PM",corp-na01-bp123na,Query, DROP TABLE `staff_list`,2026-08-15T00:20:28.523937Z    45 Query DROP TABLE `staff_list`
"Aug 14, 2026 6:20:28 PM",corp-na01-bp123na,Query," SELECT TABLE_NAME, COLUMN_NAME, CONSTRAINT_NAME, REFERENCED_TABLE_NAME, REFERENCED_COLUMN_NAME FROM information_schema.KEY_COLUMN_USAGE WHERE TABLE_SCHEMA = 'sakila' AND TABLE_NAME = 'actor' AND REFERENCED_TABLE_NAME IS NOT NULL","2026-08-15T00:20:28.312478Z    45 Query SELECT TABLE_NAME, COLUMN_NAME, CONSTRAINT_NAME, REFERENCED_TABLE_NAME, REFERENCED_COLUMN_NAME FROM information_schema.KEY_COLUMN_USAGE WHERE TABLE_SCHEMA = 'sakila' AND TABLE_NAME = 'actor' AND REFERENCED_TABLE_NAME IS NOT NULL"
"Aug 14, 2026 6:20:28 PM",corp-na01-bp123na,Query, ALTER TABLE `address` DROP FOREIGN KEY `fk_address_city`,2026-08-15T00:20:28.112355Z    45 Query ALTER TABLE `address` DROP FOREIGN KEY `fk_address_city`
"Aug 14, 2026 6:20:27 PM",corp-na01-bp123na,Query, ALTER TABLE `film` DROP FOREIGN KEY `fk_film_language`,2026-08-15T00:20:27.115547Z    45 Query ALTER TABLE `film` DROP FOREIGN KEY `fk_film_language`
"Aug 14, 2026 6:20:27 PM",corp-na01-bp123na,Query," SELECT TABLE_NAME, COLUMN_NAME, CONSTRAINT_NAME, REFERENCED_TABLE_NAME, REFERENCED_COLUMN_NAME FROM information_schema.KEY_COLUMN_USAGE WHERE TABLE_SCHEMA = 'sakila' AND TABLE_NAME = 'customer_list' AND REFERENCED_TABLE_NAME IS NOT NULL","2026-08-15T00:20:27.224822Z    45 Query SELECT TABLE_NAME, COLUMN_NAME, CONSTRAINT_NAME, REFERENCED_TABLE_NAME, REFERENCED_COLUMN_NAME FROM information_schema.KEY_COLUMN_USAGE WHERE TABLE_SCHEMA = 'sakila' AND TABLE_NAME = 'customer_list' AND REFERENCED_TABLE_NAME IS NOT NULL"
"Aug 14, 2026 6:20:27 PM",corp-na01-bp123na,Query, ALTER TABLE `city` DROP FOREIGN KEY `fk_city_country`,2026-08-15T00:20:27.812601Z    45 Query ALTER TABLE `city` DROP FOREIGN KEY `fk_city_country`
"Aug 14, 2026 6:20:27 PM",corp-na01-bp123na,Query, ALTER TABLE `film` DROP FOREIGN KEY `fk_film_language_original`,2026-08-15T00:20:27.007170Z    45 Query ALTER TABLE `film` DROP FOREIGN KEY `fk_film_language_original`
"Aug 14, 2026 6:20:27 PM",corp-na01-bp123na,Query, ALTER TABLE `customer` DROP FOREIGN KEY `fk_customer_address`,2026-08-15T00:20:27.519375Z    45 Query ALTER TABLE `customer` DROP FOREIGN KEY `fk_customer_address`
"Aug 14, 2026 6:20:27 PM",corp-na01-bp123na,Query," SELECT TABLE_NAME, COLUMN_NAME, CONSTRAINT_NAME, REFERENCED_TABLE_NAME, REFERENCED_COLUMN_NAME FROM information_schema.KEY_COLUMN_USAGE WHERE TABLE_SCHEMA = 'sakila' AND TABLE_NAME = 'customer' AND REFERENCED_TABLE_NAME IS NOT NULL","2026-08-15T00:20:27.319628Z    45 Query SELECT TABLE_NAME, COLUMN_NAME, CONSTRAINT_NAME, REFERENCED_TABLE_NAME, REFERENCED_COLUMN_NAME FROM information_schema.KEY_COLUMN_USAGE WHERE TABLE_SCHEMA = 'sakila' AND TABLE_NAME = 'customer' AND REFERENCED_TABLE_NAME IS NOT NULL"
"Aug 14, 2026 6:20:27 PM",corp-na01-bp123na,Query," SELECT TABLE_NAME, COLUMN_NAME, CONSTRAINT_NAME, REFERENCED_TABLE_NAME, REFERENCED_COLUMN_NAME FROM information_schema.KEY_COLUMN_USAGE WHERE TABLE_SCHEMA = 'sakila' AND TABLE_NAME = 'film' AND REFERENCED_TABLE_NAME IS NOT NULL","2026-08-15T00:20:26.913769Z    45 Query SELECT TABLE_NAME, COLUMN_NAME, CONSTRAINT_NAME, REFERENCED_TABLE_NAME, REFERENCED_COLUMN_NAME FROM information_schema.KEY_COLUMN_USAGE WHERE TABLE_SCHEMA = 'sakila' AND TABLE_NAME = 'film' AND REFERENCED_TABLE_NAME IS NOT NULL"
"Aug 14, 2026 6:20:27 PM",corp-na01-bp123na,Query," SELECT TABLE_NAME, COLUMN_NAME, CONSTRAINT_NAME, REFERENCED_TABLE_NAME, REFERENCED_COLUMN_NAME FROM information_schema.KEY_COLUMN_USAGE WHERE TABLE_SCHEMA = 'sakila' AND TABLE_NAME = 'country' AND REFERENCED_TABLE_NAME IS NOT NULL","2026-08-15T00:20:27.625211Z    45 Query SELECT TABLE_NAME, COLUMN_NAME, CONSTRAINT_NAME, REFERENCED_TABLE_NAME, REFERENCED_COLUMN_NAME FROM information_schema.KEY_COLUMN_USAGE WHERE TABLE_SCHEMA = 'sakila' AND TABLE_NAME = 'country' AND REFERENCED_TABLE_NAME IS NOT NULL"
"Aug 14, 2026 6:20:27 PM",corp-na01-bp123na,Query," SELECT TABLE_NAME, COLUMN_NAME, CONSTRAINT_NAME, REFERENCED_TABLE_NAME, REFERENCED_COLUMN_NAME FROM information_schema.KEY_COLUMN_USAGE WHERE TABLE_SCHEMA = 'sakila' AND TABLE_NAME = 'city' AND REFERENCED_TABLE_NAME IS NOT NULL","2026-08-15T00:20:27.719097Z    45 Query SELECT TABLE_NAME, COLUMN_NAME, CONSTRAINT_NAME, REFERENCED_TABLE_NAME, REFERENCED_COLUMN_NAME FROM information_schema.KEY_COLUMN_USAGE WHERE TABLE_SCHEMA = 'sakila' AND TABLE_NAME = 'city' AND REFERENCED_TABLE_NAME IS NOT NULL"
"Aug 14, 2026 6:20:27 PM",corp-na01-bp123na,Query, ALTER TABLE `customer` DROP FOREIGN KEY `fk_customer_store`,2026-08-15T00:20:27.412987Z    45 Query ALTER TABLE `customer` DROP FOREIGN KEY `fk_customer_store`
"Aug 14, 2026 6:20:26 PM",corp-na01-bp123na,Query," SELECT TABLE_NAME, COLUMN_NAME, CONSTRAINT_NAME, REFERENCED_TABLE_NAME, REFERENCED_COLUMN_NAME FROM information_schema.KEY_COLUMN_USAGE WHERE TABLE_SCHEMA = 'sakila' AND TABLE_NAME = 'film_text' AND REFERENCED_TABLE_NAME IS NOT NULL","2026-08-15T00:20:26.009286Z    45 Query SELECT TABLE_NAME, COLUMN_NAME, CONSTRAINT_NAME, REFERENCED_TABLE_NAME, REFERENCED_COLUMN_NAME FROM information_schema.KEY_COLUMN_USAGE WHERE TABLE_SCHEMA = 'sakila' AND TABLE_NAME = 'film_text' AND REFERENCED_TABLE_NAME IS NOT NULL"
"Aug 14, 2026 6:20:26 PM",corp-na01-bp123na,Query, ALTER TABLE `film_actor` DROP FOREIGN KEY `fk_film_actor_film`,2026-08-15T00:20:26.698707Z    45 Query ALTER TABLE `film_actor` DROP FOREIGN KEY `fk_film_actor_film`
"Aug 14, 2026 6:20:26 PM",corp-na01-bp123na,Query," SELECT TABLE_NAME, COLUMN_NAME, CONSTRAINT_NAME, REFERENCED_TABLE_NAME, REFERENCED_COLUMN_NAME FROM information_schema.KEY_COLUMN_USAGE WHERE TABLE_SCHEMA = 'sakila' AND TABLE_NAME = 'film_actor' AND REFERENCED_TABLE_NAME IS NOT NULL","2026-08-15T00:20:26.604815Z    45 Query SELECT TABLE_NAME, COLUMN_NAME, CONSTRAINT_NAME, REFERENCED_TABLE_NAME, REFERENCED_COLUMN_NAME FROM information_schema.KEY_COLUMN_USAGE WHERE TABLE_SCHEMA = 'sakila' AND TABLE_NAME = 'film_actor' AND REFERENCED_TABLE_NAME IS NOT NULL"
"Aug 14, 2026 6:20:26 PM",corp-na01-bp123na,Query, ALTER TABLE `inventory` DROP FOREIGN KEY `fk_inventory_film`,2026-08-15T00:20:25.899778Z    45 Query ALTER TABLE `inventory` DROP FOREIGN KEY `fk_inventory_film`
"Aug 14, 2026 6:20:26 PM",corp-na01-bp123na,Query, ALTER TABLE `film_actor` DROP FOREIGN KEY `fk_film_actor_actor`,2026-08-15T00:20:26.805609Z    45 Query ALTER TABLE `film_actor` DROP FOREIGN KEY `fk_film_actor_actor`
"Aug 14, 2026 6:20:26 PM",corp-na01-bp123na,Query, ALTER TABLE `film_category` DROP FOREIGN KEY `fk_film_category_film`,2026-08-15T00:20:26.289882Z    45 Query ALTER TABLE `film_category` DROP FOREIGN KEY `fk_film_category_film`
"Aug 14, 2026 6:20:26 PM",corp-na01-bp123na,Query, ALTER TABLE `film_category` DROP FOREIGN KEY `fk_film_category_category`,2026-08-15T00:20:26.396369Z    45 Query ALTER TABLE `film_category` DROP FOREIGN KEY `fk_film_category_category`
"Aug 14, 2026 6:20:26 PM",corp-na01-bp123na,Query," SELECT TABLE_NAME, COLUMN_NAME, CONSTRAINT_NAME, REFERENCED_TABLE_NAME, REFERENCED_COLUMN_NAME FROM information_schema.KEY_COLUMN_USAGE WHERE TABLE_SCHEMA = 'sakila' AND TABLE_NAME = 'film_list' AND REFERENCED_TABLE_NAME IS NOT NULL","2026-08-15T00:20:26.102994Z    45 Query SELECT TABLE_NAME, COLUMN_NAME, CONSTRAINT_NAME, REFERENCED_TABLE_NAME, REFERENCED_COLUMN_NAME FROM information_schema.KEY_COLUMN_USAGE WHERE TABLE_SCHEMA = 'sakila' AND TABLE_NAME = 'film_list' AND REFERENCED_TABLE_NAME IS NOT NULL"
"Aug 14, 2026 6:20:26 PM",corp-na01-bp123na,Query," SELECT TABLE_NAME, COLUMN_NAME, CONSTRAINT_NAME, REFERENCED_TABLE_NAME, REFERENCED_COLUMN_NAME FROM information_schema.KEY_COLUMN_USAGE WHERE TABLE_SCHEMA = 'sakila' AND TABLE_NAME = 'film_category' AND REFERENCED_TABLE_NAME IS NOT NULL","2026-08-15T00:20:26.196402Z    45 Query SELECT TABLE_NAME, COLUMN_NAME, CONSTRAINT_NAME, REFERENCED_TABLE_NAME, REFERENCED_COLUMN_NAME FROM information_schema.KEY_COLUMN_USAGE WHERE TABLE_SCHEMA = 'sakila' AND TABLE_NAME = 'film_category' AND REFERENCED_TABLE_NAME IS NOT NULL"
"Aug 14, 2026 6:20:25 PM",corp-na01-bp123na,Query, ALTER TABLE `payment` DROP FOREIGN KEY `fk_payment_customer`,2026-08-15T00:20:25.389013Z    45 Query ALTER TABLE `payment` DROP FOREIGN KEY `fk_payment_customer`
"Aug 14, 2026 6:20:25 PM",corp-na01-bp123na,Query, ALTER TABLE `rental` DROP FOREIGN KEY `fk_rental_customer`,2026-08-15T00:20:24.960331Z    45 Query ALTER TABLE `rental` DROP FOREIGN KEY `fk_rental_customer`
"Aug 14, 2026 6:20:25 PM",corp-na01-bp123na,Query, ALTER TABLE `payment` DROP FOREIGN KEY `fk_payment_staff`,2026-08-15T00:20:25.161282Z    45 Query ALTER TABLE `payment` DROP FOREIGN KEY `fk_payment_staff`
"Aug 14, 2026 6:20:25 PM",corp-na01-bp123na,Query, ALTER TABLE `inventory` DROP FOREIGN KEY `fk_inventory_store`,2026-08-15T00:20:25.777381Z    45 Query ALTER TABLE `inventory` DROP FOREIGN KEY `fk_inventory_store`
"Aug 14, 2026 6:20:25 PM",corp-na01-bp123na,Query," SELECT TABLE_NAME, COLUMN_NAME, CONSTRAINT_NAME, REFERENCED_TABLE_NAME, REFERENCED_COLUMN_NAME FROM information_schema.KEY_COLUMN_USAGE WHERE TABLE_SCHEMA = 'sakila' AND TABLE_NAME = 'payment' AND REFERENCED_TABLE_NAME IS NOT NULL","2026-08-15T00:20:25.067932Z    45 Query SELECT TABLE_NAME, COLUMN_NAME, CONSTRAINT_NAME, REFERENCED_TABLE_NAME, REFERENCED_COLUMN_NAME FROM information_schema.KEY_COLUMN_USAGE WHERE TABLE_SCHEMA = 'sakila' AND TABLE_NAME = 'payment' AND REFERENCED_TABLE_NAME IS NOT NULL"
"Aug 14, 2026 6:20:25 PM",corp-na01-bp123na,Query," SELECT TABLE_NAME, COLUMN_NAME, CONSTRAINT_NAME, REFERENCED_TABLE_NAME, REFERENCED_COLUMN_NAME FROM information_schema.KEY_COLUMN_USAGE WHERE TABLE_SCHEMA = 'sakila' AND TABLE_NAME = 'inventory' AND REFERENCED_TABLE_NAME IS NOT NULL","2026-08-15T00:20:25.683832Z    45 Query SELECT TABLE_NAME, COLUMN_NAME, CONSTRAINT_NAME, REFERENCED_TABLE_NAME, REFERENCED_COLUMN_NAME FROM information_schema.KEY_COLUMN_USAGE WHERE TABLE_SCHEMA = 'sakila' AND TABLE_NAME = 'inventory' AND REFERENCED_TABLE_NAME IS NOT NULL"
"Aug 14, 2026 6:20:25 PM",corp-na01-bp123na,Query, ALTER TABLE `payment` DROP FOREIGN KEY `fk_payment_rental`,2026-08-15T00:20:25.283377Z    45 Query ALTER TABLE `payment` DROP FOREIGN KEY `fk_payment_rental`
"Aug 14, 2026 6:20:25 PM",corp-na01-bp123na,Query," SELECT TABLE_NAME, COLUMN_NAME, CONSTRAINT_NAME, REFERENCED_TABLE_NAME, REFERENCED_COLUMN_NAME FROM information_schema.KEY_COLUMN_USAGE WHERE TABLE_SCHEMA = 'sakila' AND TABLE_NAME = 'language' AND REFERENCED_TABLE_NAME IS NOT NULL","2026-08-15T00:20:25.589594Z    45 Query SELECT TABLE_NAME, COLUMN_NAME, CONSTRAINT_NAME, REFERENCED_TABLE_NAME, REFERENCED_COLUMN_NAME FROM information_schema.KEY_COLUMN_USAGE WHERE TABLE_SCHEMA = 'sakila' AND TABLE_NAME = 'language' AND REFERENCED_TABLE_NAME IS NOT NULL"
"Aug 14, 2026 6:20:25 PM",corp-na01-bp123na,Query," SELECT TABLE_NAME, COLUMN_NAME, CONSTRAINT_NAME, REFERENCED_TABLE_NAME, REFERENCED_COLUMN_NAME FROM information_schema.KEY_COLUMN_USAGE WHERE TABLE_SCHEMA = 'sakila' AND TABLE_NAME = 'nicer_but_slower_film_list' AND REFERENCED_TABLE_NAME IS NOT NULL","2026-08-15T00:20:25.495006Z    45 Query SELECT TABLE_NAME, COLUMN_NAME, CONSTRAINT_NAME, REFERENCED_TABLE_NAME, REFERENCED_COLUMN_NAME FROM information_schema.KEY_COLUMN_USAGE WHERE TABLE_SCHEMA = 'sakila' AND TABLE_NAME = 'nicer_but_slower_film_list' AND REFERENCED_TABLE_NAME IS NOT NULL"
"Aug 14, 2026 6:20:24 PM",corp-na01-bp123na,Query, ALTER TABLE `staff` DROP FOREIGN KEY `fk_staff_store`,2026-08-15T00:20:24.171352Z    45 Query ALTER TABLE `staff` DROP FOREIGN KEY `fk_staff_store`
"Aug 14, 2026 6:20:24 PM",corp-na01-bp123na,Query, ALTER TABLE `staff` DROP FOREIGN KEY `fk_staff_address`,2026-08-15T00:20:24.281827Z    45 Query ALTER TABLE `staff` DROP FOREIGN KEY `fk_staff_address`
"Aug 14, 2026 6:20:24 PM",corp-na01-bp123na,Query, ALTER TABLE `rental` DROP FOREIGN KEY `fk_rental_staff`,2026-08-15T00:20:24.673007Z    45 Query ALTER TABLE `rental` DROP FOREIGN KEY `fk_rental_staff`
"Aug 14, 2026 6:20:24 PM",corp-na01-bp123na,Query," SELECT TABLE_NAME, COLUMN_NAME, CONSTRAINT_NAME, REFERENCED_TABLE_NAME, REFERENCED_COLUMN_NAME FROM information_schema.KEY_COLUMN_USAGE WHERE TABLE_SCHEMA = 'sakila' AND TABLE_NAME = 'sales_by_store' AND REFERENCED_TABLE_NAME IS NOT NULL","2026-08-15T00:20:24.391107Z    45 Query SELECT TABLE_NAME, COLUMN_NAME, CONSTRAINT_NAME, REFERENCED_TABLE_NAME, REFERENCED_COLUMN_NAME FROM information_schema.KEY_COLUMN_USAGE WHERE TABLE_SCHEMA = 'sakila' AND TABLE_NAME = 'sales_by_store' AND REFERENCED_TABLE_NAME IS NOT NULL"
"Aug 14, 2026 6:20:24 PM",corp-na01-bp123na,Query, ALTER TABLE `store` DROP FOREIGN KEY `fk_store_address`,2026-08-15T00:20:23.867140Z    45 Query ALTER TABLE `store` DROP FOREIGN KEY `fk_store_address`
"Aug 14, 2026 6:20:24 PM",corp-na01-bp123na,Query," SELECT TABLE_NAME, COLUMN_NAME, CONSTRAINT_NAME, REFERENCED_TABLE_NAME, REFERENCED_COLUMN_NAME FROM information_schema.KEY_COLUMN_USAGE WHERE TABLE_SCHEMA = 'sakila' AND TABLE_NAME = 'rental' AND REFERENCED_TABLE_NAME IS NOT NULL","2026-08-15T00:20:24.579752Z    45 Query SELECT TABLE_NAME, COLUMN_NAME, CONSTRAINT_NAME, REFERENCED_TABLE_NAME, REFERENCED_COLUMN_NAME FROM information_schema.KEY_COLUMN_USAGE WHERE TABLE_SCHEMA = 'sakila' AND TABLE_NAME = 'rental' AND REFERENCED_TABLE_NAME IS NOT NULL"
"Aug 14, 2026 6:20:24 PM",corp-na01-bp123na,Query," SELECT TABLE_NAME, COLUMN_NAME, CONSTRAINT_NAME, REFERENCED_TABLE_NAME, REFERENCED_COLUMN_NAME FROM information_schema.KEY_COLUMN_USAGE WHERE TABLE_SCHEMA = 'sakila' AND TABLE_NAME = 'sales_by_film_category' AND REFERENCED_TABLE_NAME IS NOT NULL","2026-08-15T00:20:24.486351Z    45 Query SELECT TABLE_NAME, COLUMN_NAME, CONSTRAINT_NAME, REFERENCED_TABLE_NAME, REFERENCED_COLUMN_NAME FROM information_schema.KEY_COLUMN_USAGE WHERE TABLE_SCHEMA = 'sakila' AND TABLE_NAME = 'sales_by_film_category' AND REFERENCED_TABLE_NAME IS NOT NULL"
"Aug 14, 2026 6:20:24 PM",corp-na01-bp123na,Query," SELECT TABLE_NAME, COLUMN_NAME, CONSTRAINT_NAME, REFERENCED_TABLE_NAME, REFERENCED_COLUMN_NAME FROM information_schema.KEY_COLUMN_USAGE WHERE TABLE_SCHEMA = 'sakila' AND TABLE_NAME = 'staff_list' AND REFERENCED_TABLE_NAME IS NOT NULL","2026-08-15T00:20:23.984012Z    45 Query SELECT TABLE_NAME, COLUMN_NAME, CONSTRAINT_NAME, REFERENCED_TABLE_NAME, REFERENCED_COLUMN_NAME FROM information_schema.KEY_COLUMN_USAGE WHERE TABLE_SCHEMA = 'sakila' AND TABLE_NAME = 'staff_list' AND REFERENCED_TABLE_NAME IS NOT NULL"
"Aug 14, 2026 6:20:24 PM",corp-na01-bp123na,Query, ALTER TABLE `rental` DROP FOREIGN KEY `fk_rental_inventory`,2026-08-15T00:20:24.814840Z    45 Query ALTER TABLE `rental` DROP FOREIGN KEY `fk_rental_inventory`
"Aug 14, 2026 6:20:24 PM",corp-na01-bp123na,Query," SELECT TABLE_NAME, COLUMN_NAME, CONSTRAINT_NAME, REFERENCED_TABLE_NAME, REFERENCED_COLUMN_NAME FROM information_schema.KEY_COLUMN_USAGE WHERE TABLE_SCHEMA = 'sakila' AND TABLE_NAME = 'staff' AND REFERENCED_TABLE_NAME IS NOT NULL","2026-08-15T00:20:24.077582Z    45 Query SELECT TABLE_NAME, COLUMN_NAME, CONSTRAINT_NAME, REFERENCED_TABLE_NAME, REFERENCED_COLUMN_NAME FROM information_schema.KEY_COLUMN_USAGE WHERE TABLE_SCHEMA = 'sakila' AND TABLE_NAME = 'staff' AND REFERENCED_TABLE_NAME IS NOT NULL"
"Aug 14, 2026 6:20:23 PM",corp-na01-bp123na,Query, ALTER TABLE `store` DROP FOREIGN KEY `fk_store_staff`,2026-08-15T00:20:23.732733Z    45 Query ALTER TABLE `store` DROP FOREIGN KEY `fk_store_staff`
"Aug 14, 2026 6:20:23 PM",corp-na01-bp123na,Query, SHOW TABLES,2026-08-15T00:20:23.545029Z    45 Query SHOW TABLES
"Aug 14, 2026 6:20:23 PM",corp-na01-bp123na,Query," SELECT TABLE_NAME, COLUMN_NAME, CONSTRAINT_NAME, REFERENCED_TABLE_NAME, REFERENCED_COLUMN_NAME FROM information_schema.KEY_COLUMN_USAGE WHERE TABLE_SCHEMA = 'sakila' AND TABLE_NAME = 'store' AND REFERENCED_TABLE_NAME IS NOT NULL","2026-08-15T00:20:23.639237Z    45 Query SELECT TABLE_NAME, COLUMN_NAME, CONSTRAINT_NAME, REFERENCED_TABLE_NAME, REFERENCED_COLUMN_NAME FROM information_schema.KEY_COLUMN_USAGE WHERE TABLE_SCHEMA = 'sakila' AND TABLE_NAME = 'store' AND REFERENCED_TABLE_NAME IS NOT NULL"
"Aug 14, 2026 6:20:23 PM",corp-na01-bp123na,Query, SELECT * FROM store LIMIT 10,2026-08-15T00:20:23.305827Z    91 Query SELECT * FROM store LIMIT 10
"Aug 14, 2026 6:20:23 PM",corp-na01-bp123na,Query, USE `sakila`,2026-08-15T00:20:23.442365Z    45 Query USE `sakila`
"Aug 14, 2026 6:20:22 PM",corp-na01-bp123na,Query," SELECT engine, table_type FROM INFORMATION_SCHEMA.TABLES WHERE table_schema = DATABASE() AND table_name = 'store'","2026-08-15T00:20:22.222859Z    90 Query SELECT engine, table_type FROM INFORMATION_SCHEMA.TABLES WHERE table_schema = DATABASE() AND table_name = 'store'"
"Aug 14, 2026 6:20:22 PM",corp-na01-bp123na,Query," SELECT /*!40001 SQL_NO_CACHE */ `store_id`, `manager_staff_id`, `address_id`, `last_update` FROM `store` WHERE 1 LIMIT 10","2026-08-15T00:20:22.597154Z    90 Query SELECT /*!40001 SQL_NO_CACHE */ `store_id`, `manager_staff_id`, `address_id`, `last_update` FROM `store` WHERE 1 LIMIT 10"
"Aug 14, 2026 6:20:22 PM",corp-na01-bp123na,Query, SELECT table_name FROM INFORMATION_SCHEMA.TABLES WHERE table_schema = DATABASE() AND table_name = 'store',2026-08-15T00:20:22.129365Z    90 Query SELECT table_name FROM INFORMATION_SCHEMA.TABLES WHERE table_schema = DATABASE() AND table_name = 'store'
"Aug 14, 2026 6:20:22 PM",corp-na01-bp123na,Query," SELECT DISTINCT TABLESPACE_NAME, FILE_NAME, LOGFILE_GROUP_NAME, EXTENT_SIZE, INITIAL_SIZE, ENGINE FROM INFORMATION_SCHEMA.FILES WHERE FILE_TYPE = 'DATAFILE' AND TABLESPACE_NAME IN (SELECT DISTINCT TABLESPACE_NAME FROM INFORMATION_SCHEMA.PARTITIONS WHERE TABLE_SCHEMA='sakila' AND TABLE_NAME IN ('store')) ORDER BY TABLESPACE_NAME, LOGFILE_GROUP_NAME","2026-08-15T00:20:21.754262Z    90 Query SELECT DISTINCT TABLESPACE_NAME, FILE_NAME, LOGFILE_GROUP_NAME, EXTENT_SIZE, INITIAL_SIZE, ENGINE FROM INFORMATION_SCHEMA.FILES WHERE FILE_TYPE = 'DATAFILE' AND TABLESPACE_NAME IN (SELECT DISTINCT TABLESPACE_NAME FROM INFORMATION_SCHEMA.PARTITIONS WHERE TABLE_SCHEMA='sakila' AND TABLE_NAME IN ('store')) ORDER BY TABLESPACE_NAME, LOGFILE_GROUP_NAME"
"Aug 14, 2026 6:20:22 PM",corp-na01-bp123na,Query," select column_name, extra, generation_expression, data_type from information_schema.columns where table_schema=database() and table_name='store' order by ordinal_position","2026-08-15T00:20:22.503209Z    90 Query select column_name, extra, generation_expression, data_type from information_schema.columns where table_schema=database() and table_name='store' order by ordinal_position"
"Aug 14, 2026 6:20:22 PM",corp-na01-bp123na,Query, set optimizer_switch=default,2026-08-15T00:20:21.848205Z    90 Query set optimizer_switch=default
"Aug 14, 2026 6:20:22 PM",corp-na01-bp123na,Query, SET SQL_QUOTE_SHOW_CREATE=1,2026-08-15T00:20:22.410119Z    90 Query SET SQL_QUOTE_SHOW_CREATE=1
"Aug 14, 2026 6:20:22 PM",corp-na01-bp123na,Query," SELECT engine, table_type FROM INFORMATION_SCHEMA.TABLES WHERE table_schema = DATABASE() AND table_name = 'store'","2026-08-15T00:20:22.316533Z    90 Query SELECT engine, table_type FROM INFORMATION_SCHEMA.TABLES WHERE table_schema = DATABASE() AND table_name = 'store'"
"Aug 14, 2026 6:20:22 PM",corp-na01-bp123na,Query, SHOW VARIABLES LIKE 'lower_case_table_names',2026-08-15T00:20:22.035378Z    90 Query SHOW VARIABLES LIKE 'lower_case_table_names'
"Aug 14, 2026 6:20:21 PM",corp-na01-bp123na,Query, /*M!100100 SET @@MAX_STATEMENT_TIME=0.000000 */,2026-08-15T00:20:21.379458Z    90 Query /*M!100100 SET @@MAX_STATEMENT_TIME=0.000000 */
"Aug 14, 2026 6:20:21 PM",corp-na01-bp123na,Query, set optimizer_switch='semijoin=off',2026-08-15T00:20:21.565486Z    90 Query set optimizer_switch='semijoin=off'
"Aug 14, 2026 6:20:21 PM",corp-na01-bp123na,Query," SELECT LOGFILE_GROUP_NAME, FILE_NAME, TOTAL_EXTENTS, INITIAL_SIZE, ENGINE, EXTRA FROM INFORMATION_SCHEMA.FILES WHERE FILE_TYPE = 'UNDO LOG' AND FILE_NAME IS NOT NULL AND LOGFILE_GROUP_NAME IS NOT NULL AND LOGFILE_GROUP_NAME IN (SELECT DISTINCT LOGFILE_GROUP_NAME FROM INFORMATION_SCHEMA.FILES WHERE FILE_TYPE = 'DATAFILE' AND TABLESPACE_NAME IN (SELECT DISTINCT TABLESPACE_NAME FROM INFORMATION_SCHEMA.PARTITIONS WHERE TABLE_SCHEMA='sakila' AND TABLE_NAME IN ('store'))) GROUP BY LOGFILE_GROUP_NAME, FILE_NAME, ENGINE, TOTAL_EXTENTS, INITIAL_SIZE ORDER BY LOGFILE_GROUP_NAME","2026-08-15T00:20:21.658535Z    90 Query SELECT LOGFILE_GROUP_NAME, FILE_NAME, TOTAL_EXTENTS, INITIAL_SIZE, ENGINE, EXTRA FROM INFORMATION_SCHEMA.FILES WHERE FILE_TYPE = 'UNDO LOG' AND FILE_NAME IS NOT NULL AND LOGFILE_GROUP_NAME IS NOT NULL AND LOGFILE_GROUP_NAME IN (SELECT DISTINCT LOGFILE_GROUP_NAME FROM INFORMATION_SCHEMA.FILES WHERE FILE_TYPE = 'DATAFILE' AND TABLESPACE_NAME IN (SELECT DISTINCT TABLESPACE_NAME FROM INFORMATION_SCHEMA.PARTITIONS WHERE TABLE_SCHEMA='sakila' AND TABLE_NAME IN ('store'))) GROUP BY LOGFILE_GROUP_NAME, FILE_NAME, ENGINE, TOTAL_EXTENTS, INITIAL_SIZE ORDER BY LOGFILE_GROUP_NAME"
"Aug 14, 2026 6:20:21 PM",corp-na01-bp123na,Query, /*!40100 SET @@SQL_MODE='' */,2026-08-15T00:20:21.286572Z    90 Query /*!40100 SET @@SQL_MODE='' */
"Aug 14, 2026 6:20:21 PM",corp-na01-bp123na,Query, /*M!100100 SET WAIT_TIMEOUT=DEFAULT */,2026-08-15T00:20:21.472600Z    90 Query /*M!100100 SET WAIT_TIMEOUT=DEFAULT */
"Aug 14, 2026 6:20:20 PM",corp-na01-bp123na,Query," select column_name, extra, generation_expression, data_type from information_schema.columns where table_schema=database() and table_name='staff_list' order by ordinal_position","2026-08-15T00:20:19.921459Z    88 Query select column_name, extra, generation_expression, data_type from information_schema.columns where table_schema=database() and table_name='staff_list' order by ordinal_position"
"Aug 14, 2026 6:20:20 PM",corp-na01-bp123na,Query, SELECT * FROM staff_list LIMIT 10,2026-08-15T00:20:20.592151Z    89 Query SELECT * FROM staff_list LIMIT 10
"Aug 14, 2026 6:20:19 PM",corp-na01-bp123na,Query, set optimizer_switch=default,2026-08-15T00:20:19.268390Z    88 Query set optimizer_switch=default
"Aug 14, 2026 6:20:19 PM",corp-na01-bp123na,Query," SELECT engine, table_type FROM INFORMATION_SCHEMA.TABLES WHERE table_schema = DATABASE() AND table_name = 'staff_list'","2026-08-15T00:20:19.735233Z    88 Query SELECT engine, table_type FROM INFORMATION_SCHEMA.TABLES WHERE table_schema = DATABASE() AND table_name = 'staff_list'"
"Aug 14, 2026 6:20:19 PM",corp-na01-bp123na,Query, SELECT table_name FROM INFORMATION_SCHEMA.TABLES WHERE table_schema = DATABASE() AND table_name = 'staff_list',2026-08-15T00:20:19.547704Z    88 Query SELECT table_name FROM INFORMATION_SCHEMA.TABLES WHERE table_schema = DATABASE() AND table_name = 'staff_list'
"Aug 14, 2026 6:20:19 PM",corp-na01-bp123na,Query, SET SQL_QUOTE_SHOW_CREATE=1,2026-08-15T00:20:19.828677Z    88 Query SET SQL_QUOTE_SHOW_CREATE=1
"Aug 14, 2026 6:20:19 PM",corp-na01-bp123na,Query, set optimizer_switch='semijoin=off',2026-08-15T00:20:18.984528Z    88 Query set optimizer_switch='semijoin=off'
"Aug 14, 2026 6:20:19 PM",corp-na01-bp123na,Query, /*M!100100 SET WAIT_TIMEOUT=DEFAULT */,2026-08-15T00:20:18.891756Z    88 Query /*M!100100 SET WAIT_TIMEOUT=DEFAULT */
"Aug 14, 2026 6:20:19 PM",corp-na01-bp123na,Query," SELECT LOGFILE_GROUP_NAME, FILE_NAME, TOTAL_EXTENTS, INITIAL_SIZE, ENGINE, EXTRA FROM INFORMATION_SCHEMA.FILES WHERE FILE_TYPE = 'UNDO LOG' AND FILE_NAME IS NOT NULL AND LOGFILE_GROUP_NAME IS NOT NULL AND LOGFILE_GROUP_NAME IN (SELECT DISTINCT LOGFILE_GROUP_NAME FROM INFORMATION_SCHEMA.FILES WHERE FILE_TYPE = 'DATAFILE' AND TABLESPACE_NAME IN (SELECT DISTINCT TABLESPACE_NAME FROM INFORMATION_SCHEMA.PARTITIONS WHERE TABLE_SCHEMA='sakila' AND TABLE_NAME IN ('staff_list'))) GROUP BY LOGFILE_GROUP_NAME, FILE_NAME, ENGINE, TOTAL_EXTENTS, INITIAL_SIZE ORDER BY LOGFILE_GROUP_NAME","2026-08-15T00:20:19.078873Z    88 Query SELECT LOGFILE_GROUP_NAME, FILE_NAME, TOTAL_EXTENTS, INITIAL_SIZE, ENGINE, EXTRA FROM INFORMATION_SCHEMA.FILES WHERE FILE_TYPE = 'UNDO LOG' AND FILE_NAME IS NOT NULL AND LOGFILE_GROUP_NAME IS NOT NULL AND LOGFILE_GROUP_NAME IN (SELECT DISTINCT LOGFILE_GROUP_NAME FROM INFORMATION_SCHEMA.FILES WHERE FILE_TYPE = 'DATAFILE' AND TABLESPACE_NAME IN (SELECT DISTINCT TABLESPACE_NAME FROM INFORMATION_SCHEMA.PARTITIONS WHERE TABLE_SCHEMA='sakila' AND TABLE_NAME IN ('staff_list'))) GROUP BY LOGFILE_GROUP_NAME, FILE_NAME, ENGINE, TOTAL_EXTENTS, INITIAL_SIZE ORDER BY LOGFILE_GROUP_NAME"
"Aug 14, 2026 6:20:19 PM",corp-na01-bp123na,Query, SHOW VARIABLES LIKE 'lower_case_table_names',2026-08-15T00:20:19.453830Z    88 Query SHOW VARIABLES LIKE 'lower_case_table_names'
"Aug 14, 2026 6:20:19 PM",corp-na01-bp123na,Query," SELECT engine, table_type FROM INFORMATION_SCHEMA.TABLES WHERE table_schema = DATABASE() AND table_name = 'staff_list'","2026-08-15T00:20:19.641196Z    88 Query SELECT engine, table_type FROM INFORMATION_SCHEMA.TABLES WHERE table_schema = DATABASE() AND table_name = 'staff_list'"
"Aug 14, 2026 6:20:19 PM",corp-na01-bp123na,Query," SELECT DISTINCT TABLESPACE_NAME, FILE_NAME, LOGFILE_GROUP_NAME, EXTENT_SIZE, INITIAL_SIZE, ENGINE FROM INFORMATION_SCHEMA.FILES WHERE FILE_TYPE = 'DATAFILE' AND TABLESPACE_NAME IN (SELECT DISTINCT TABLESPACE_NAME FROM INFORMATION_SCHEMA.PARTITIONS WHERE TABLE_SCHEMA='sakila' AND TABLE_NAME IN ('staff_list')) ORDER BY TABLESPACE_NAME, LOGFILE_GROUP_NAME","2026-08-15T00:20:19.174606Z    88 Query SELECT DISTINCT TABLESPACE_NAME, FILE_NAME, LOGFILE_GROUP_NAME, EXTENT_SIZE, INITIAL_SIZE, ENGINE FROM INFORMATION_SCHEMA.FILES WHERE FILE_TYPE = 'DATAFILE' AND TABLESPACE_NAME IN (SELECT DISTINCT TABLESPACE_NAME FROM INFORMATION_SCHEMA.PARTITIONS WHERE TABLE_SCHEMA='sakila' AND TABLE_NAME IN ('staff_list')) ORDER BY TABLESPACE_NAME, LOGFILE_GROUP_NAME"
"Aug 14, 2026 6:20:18 PM",corp-na01-bp123na,Query, /*!40100 SET @@SQL_MODE='' */,2026-08-15T00:20:18.703037Z    88 Query /*!40100 SET @@SQL_MODE='' */
"Aug 14, 2026 6:20:18 PM",corp-na01-bp123na,Query, /*M!100100 SET @@MAX_STATEMENT_TIME=0.000000 */,2026-08-15T00:20:18.798878Z    88 Query /*M!100100 SET @@MAX_STATEMENT_TIME=0.000000 */
"Aug 14, 2026 6:20:17 PM",corp-na01-bp123na,Query, SET SQL_QUOTE_SHOW_CREATE=1,2026-08-15T00:20:16.909659Z    86 Query SET SQL_QUOTE_SHOW_CREATE=1
"Aug 14, 2026 6:20:17 PM",corp-na01-bp123na,Query," SELECT /*!40001 SQL_NO_CACHE */ `staff_id`, `first_name`, `last_name`, `address_id`, `picture`, `email`, `store_id`, `active`, `username`, `password`, `last_update` FROM `staff` WHERE 1 LIMIT 10","2026-08-15T00:20:17.096076Z    86 Query SELECT /*!40001 SQL_NO_CACHE */ `staff_id`, `first_name`, `last_name`, `address_id`, `picture`, `email`, `store_id`, `active`, `username`, `password`, `last_update` FROM `staff` WHERE 1 LIMIT 10"
"Aug 14, 2026 6:20:17 PM",corp-na01-bp123na,Query, SELECT * FROM staff LIMIT 10,2026-08-15T00:20:17.856885Z    87 Query SELECT * FROM staff LIMIT 10
"Aug 14, 2026 6:20:17 PM",corp-na01-bp123na,Query," select column_name, extra, generation_expression, data_type from information_schema.columns where table_schema=database() and table_name='staff' order by ordinal_position","2026-08-15T00:20:17.002506Z    86 Query select column_name, extra, generation_expression, data_type from information_schema.columns where table_schema=database() and table_name='staff' order by ordinal_position"
"Aug 14, 2026 6:20:16 PM",corp-na01-bp123na,Query, set optimizer_switch='semijoin=off',2026-08-15T00:20:16.067727Z    86 Query set optimizer_switch='semijoin=off'
"Aug 14, 2026 6:20:16 PM",corp-na01-bp123na,Query," SELECT engine, table_type FROM INFORMATION_SCHEMA.TABLES WHERE table_schema = DATABASE() AND table_name = 'staff'","2026-08-15T00:20:16.722244Z    86 Query SELECT engine, table_type FROM INFORMATION_SCHEMA.TABLES WHERE table_schema = DATABASE() AND table_name = 'staff'"
"Aug 14, 2026 6:20:16 PM",corp-na01-bp123na,Query, SELECT table_name FROM INFORMATION_SCHEMA.TABLES WHERE table_schema = DATABASE() AND table_name = 'staff',2026-08-15T00:20:16.628704Z    86 Query SELECT table_name FROM INFORMATION_SCHEMA.TABLES WHERE table_schema = DATABASE() AND table_name = 'staff'
"Aug 14, 2026 6:20:16 PM",corp-na01-bp123na,Query, SHOW VARIABLES LIKE 'lower_case_table_names',2026-08-15T00:20:16.534741Z    86 Query SHOW VARIABLES LIKE 'lower_case_table_names'
"Aug 14, 2026 6:20:16 PM",corp-na01-bp123na,Query," SELECT LOGFILE_GROUP_NAME, FILE_NAME, TOTAL_EXTENTS, INITIAL_SIZE, ENGINE, EXTRA FROM INFORMATION_SCHEMA.FILES WHERE FILE_TYPE = 'UNDO LOG' AND FILE_NAME IS NOT NULL AND LOGFILE_GROUP_NAME IS NOT NULL AND LOGFILE_GROUP_NAME IN (SELECT DISTINCT LOGFILE_GROUP_NAME FROM INFORMATION_SCHEMA.FILES WHERE FILE_TYPE = 'DATAFILE' AND TABLESPACE_NAME IN (SELECT DISTINCT TABLESPACE_NAME FROM INFORMATION_SCHEMA.PARTITIONS WHERE TABLE_SCHEMA='sakila' AND TABLE_NAME IN ('staff'))) GROUP BY LOGFILE_GROUP_NAME, FILE_NAME, ENGINE, TOTAL_EXTENTS, INITIAL_SIZE ORDER BY LOGFILE_GROUP_NAME","2026-08-15T00:20:16.160438Z    86 Query SELECT LOGFILE_GROUP_NAME, FILE_NAME, TOTAL_EXTENTS, INITIAL_SIZE, ENGINE, EXTRA FROM INFORMATION_SCHEMA.FILES WHERE FILE_TYPE = 'UNDO LOG' AND FILE_NAME IS NOT NULL AND LOGFILE_GROUP_NAME IS NOT NULL AND LOGFILE_GROUP_NAME IN (SELECT DISTINCT LOGFILE_GROUP_NAME FROM INFORMATION_SCHEMA.FILES WHERE FILE_TYPE = 'DATAFILE' AND TABLESPACE_NAME IN (SELECT DISTINCT TABLESPACE_NAME FROM INFORMATION_SCHEMA.PARTITIONS WHERE TABLE_SCHEMA='sakila' AND TABLE_NAME IN ('staff'))) GROUP BY LOGFILE_GROUP_NAME, FILE_NAME, ENGINE, TOTAL_EXTENTS, INITIAL_SIZE ORDER BY LOGFILE_GROUP_NAME"
"Aug 14, 2026 6:20:16 PM",corp-na01-bp123na,Query, set optimizer_switch=default,2026-08-15T00:20:16.349302Z    86 Query set optimizer_switch=default
"Aug 14, 2026 6:20:16 PM",corp-na01-bp123na,Query," SELECT DISTINCT TABLESPACE_NAME, FILE_NAME, LOGFILE_GROUP_NAME, EXTENT_SIZE, INITIAL_SIZE, ENGINE FROM INFORMATION_SCHEMA.FILES WHERE FILE_TYPE = 'DATAFILE' AND TABLESPACE_NAME IN (SELECT DISTINCT TABLESPACE_NAME FROM INFORMATION_SCHEMA.PARTITIONS WHERE TABLE_SCHEMA='sakila' AND TABLE_NAME IN ('staff')) ORDER BY TABLESPACE_NAME, LOGFILE_GROUP_NAME","2026-08-15T00:20:16.255736Z    86 Query SELECT DISTINCT TABLESPACE_NAME, FILE_NAME, LOGFILE_GROUP_NAME, EXTENT_SIZE, INITIAL_SIZE, ENGINE FROM INFORMATION_SCHEMA.FILES WHERE FILE_TYPE = 'DATAFILE' AND TABLESPACE_NAME IN (SELECT DISTINCT TABLESPACE_NAME FROM INFORMATION_SCHEMA.PARTITIONS WHERE TABLE_SCHEMA='sakila' AND TABLE_NAME IN ('staff')) ORDER BY TABLESPACE_NAME, LOGFILE_GROUP_NAME"
"Aug 14, 2026 6:20:16 PM",corp-na01-bp123na,Query, /*M!100100 SET @@MAX_STATEMENT_TIME=0.000000 */,2026-08-15T00:20:15.880347Z    86 Query /*M!100100 SET @@MAX_STATEMENT_TIME=0.000000 */
"Aug 14, 2026 6:20:16 PM",corp-na01-bp123na,Query, /*M!100100 SET WAIT_TIMEOUT=DEFAULT */,2026-08-15T00:20:15.974956Z    86 Query /*M!100100 SET WAIT_TIMEOUT=DEFAULT */
"Aug 14, 2026 6:20:16 PM",corp-na01-bp123na,Query," SELECT engine, table_type FROM INFORMATION_SCHEMA.TABLES WHERE table_schema = DATABASE() AND table_name = 'staff'","2026-08-15T00:20:16.816237Z    86 Query SELECT engine, table_type FROM INFORMATION_SCHEMA.TABLES WHERE table_schema = DATABASE() AND table_name = 'staff'"
"Aug 14, 2026 6:20:15 PM",corp-na01-bp123na,Query, SELECT * FROM sales_by_store LIMIT 10,2026-08-15T00:20:14.983799Z    85 Query SELECT * FROM sales_by_store LIMIT 10
"Aug 14, 2026 6:20:15 PM",corp-na01-bp123na,Query, /*!40100 SET @@SQL_MODE='' */,2026-08-15T00:20:15.787570Z    86 Query /*!40100 SET @@SQL_MODE='' */
"Aug 14, 2026 6:20:14 PM",corp-na01-bp123na,Query," SELECT engine, table_type FROM INFORMATION_SCHEMA.TABLES WHERE table_schema = DATABASE() AND table_name = 'sales_by_store'","2026-08-15T00:20:14.140484Z    84 Query SELECT engine, table_type FROM INFORMATION_SCHEMA.TABLES WHERE table_schema = DATABASE() AND table_name = 'sales_by_store'"
"Aug 14, 2026 6:20:14 PM",corp-na01-bp123na,Query, SET SQL_QUOTE_SHOW_CREATE=1,2026-08-15T00:20:14.233763Z    84 Query SET SQL_QUOTE_SHOW_CREATE=1
"Aug 14, 2026 6:20:14 PM",corp-na01-bp123na,Query," SELECT engine, table_type FROM INFORMATION_SCHEMA.TABLES WHERE table_schema = DATABASE() AND table_name = 'sales_by_store'","2026-08-15T00:20:14.047174Z    84 Query SELECT engine, table_type FROM INFORMATION_SCHEMA.TABLES WHERE table_schema = DATABASE() AND table_name = 'sales_by_store'"
"Aug 14, 2026 6:20:14 PM",corp-na01-bp123na,Query," select column_name, extra, generation_expression, data_type from information_schema.columns where table_schema=database() and table_name='sales_by_store' order by ordinal_position","2026-08-15T00:20:14.326846Z    84 Query select column_name, extra, generation_expression, data_type from information_schema.columns where table_schema=database() and table_name='sales_by_store' order by ordinal_position"
"Aug 14, 2026 6:20:14 PM",corp-na01-bp123na,Query, SELECT table_name FROM INFORMATION_SCHEMA.TABLES WHERE table_schema = DATABASE() AND table_name = 'sales_by_store',2026-08-15T00:20:13.953837Z    84 Query SELECT table_name FROM INFORMATION_SCHEMA.TABLES WHERE table_schema = DATABASE() AND table_name = 'sales_by_store'
"Aug 14, 2026 6:20:13 PM",corp-na01-bp123na,Query, SHOW VARIABLES LIKE 'lower_case_table_names',2026-08-15T00:20:13.859998Z    84 Query SHOW VARIABLES LIKE 'lower_case_table_names'
"Aug 14, 2026 6:20:13 PM",corp-na01-bp123na,Query, set optimizer_switch=default,2026-08-15T00:20:13.673568Z    84 Query set optimizer_switch=default
"Aug 14, 2026 6:20:13 PM",corp-na01-bp123na,Query, /*M!100100 SET @@MAX_STATEMENT_TIME=0.000000 */,2026-08-15T00:20:13.205124Z    84 Query /*M!100100 SET @@MAX_STATEMENT_TIME=0.000000 */
"Aug 14, 2026 6:20:13 PM",corp-na01-bp123na,Query, /*!40100 SET @@SQL_MODE='' */,2026-08-15T00:20:13.112486Z    84 Query /*!40100 SET @@SQL_MODE='' */
"Aug 14, 2026 6:20:13 PM",corp-na01-bp123na,Query, set optimizer_switch='semijoin=off',2026-08-15T00:20:13.391279Z    84 Query set optimizer_switch='semijoin=off'
"Aug 14, 2026 6:20:13 PM",corp-na01-bp123na,Query," SELECT DISTINCT TABLESPACE_NAME, FILE_NAME, LOGFILE_GROUP_NAME, EXTENT_SIZE, INITIAL_SIZE, ENGINE FROM INFORMATION_SCHEMA.FILES WHERE FILE_TYPE = 'DATAFILE' AND TABLESPACE_NAME IN (SELECT DISTINCT TABLESPACE_NAME FROM INFORMATION_SCHEMA.PARTITIONS WHERE TABLE_SCHEMA='sakila' AND TABLE_NAME IN ('sales_by_store')) ORDER BY TABLESPACE_NAME, LOGFILE_GROUP_NAME","2026-08-15T00:20:13.579950Z    84 Query SELECT DISTINCT TABLESPACE_NAME, FILE_NAME, LOGFILE_GROUP_NAME, EXTENT_SIZE, INITIAL_SIZE, ENGINE FROM INFORMATION_SCHEMA.FILES WHERE FILE_TYPE = 'DATAFILE' AND TABLESPACE_NAME IN (SELECT DISTINCT TABLESPACE_NAME FROM INFORMATION_SCHEMA.PARTITIONS WHERE TABLE_SCHEMA='sakila' AND TABLE_NAME IN ('sales_by_store')) ORDER BY TABLESPACE_NAME, LOGFILE_GROUP_NAME"
"Aug 14, 2026 6:20:13 PM",corp-na01-bp123na,Query," SELECT LOGFILE_GROUP_NAME, FILE_NAME, TOTAL_EXTENTS, INITIAL_SIZE, ENGINE, EXTRA FROM INFORMATION_SCHEMA.FILES WHERE FILE_TYPE = 'UNDO LOG' AND FILE_NAME IS NOT NULL AND LOGFILE_GROUP_NAME IS NOT NULL AND LOGFILE_GROUP_NAME IN (SELECT DISTINCT LOGFILE_GROUP_NAME FROM INFORMATION_SCHEMA.FILES WHERE FILE_TYPE = 'DATAFILE' AND TABLESPACE_NAME IN (SELECT DISTINCT TABLESPACE_NAME FROM INFORMATION_SCHEMA.PARTITIONS WHERE TABLE_SCHEMA='sakila' AND TABLE_NAME IN ('sales_by_store'))) GROUP BY LOGFILE_GROUP_NAME, FILE_NAME, ENGINE, TOTAL_EXTENTS, INITIAL_SIZE ORDER BY LOGFILE_GROUP_NAME","2026-08-15T00:20:13.484063Z    84 Query SELECT LOGFILE_GROUP_NAME, FILE_NAME, TOTAL_EXTENTS, INITIAL_SIZE, ENGINE, EXTRA FROM INFORMATION_SCHEMA.FILES WHERE FILE_TYPE = 'UNDO LOG' AND FILE_NAME IS NOT NULL AND LOGFILE_GROUP_NAME IS NOT NULL AND LOGFILE_GROUP_NAME IN (SELECT DISTINCT LOGFILE_GROUP_NAME FROM INFORMATION_SCHEMA.FILES WHERE FILE_TYPE = 'DATAFILE' AND TABLESPACE_NAME IN (SELECT DISTINCT TABLESPACE_NAME FROM INFORMATION_SCHEMA.PARTITIONS WHERE TABLE_SCHEMA='sakila' AND TABLE_NAME IN ('sales_by_store'))) GROUP BY LOGFILE_GROUP_NAME, FILE_NAME, ENGINE, TOTAL_EXTENTS, INITIAL_SIZE ORDER BY LOGFILE_GROUP_NAME"
"Aug 14, 2026 6:20:13 PM",corp-na01-bp123na,Query, /*M!100100 SET WAIT_TIMEOUT=DEFAULT */,2026-08-15T00:20:13.298665Z    84 Query /*M!100100 SET WAIT_TIMEOUT=DEFAULT */
"Aug 14, 2026 6:20:12 PM",corp-na01-bp123na,Query, SELECT * FROM sales_by_film_category LIMIT 10,2026-08-15T00:20:12.162678Z    83 Query SELECT * FROM sales_by_film_category LIMIT 10
"Aug 14, 2026 6:20:11 PM",corp-na01-bp123na,Query, SET SQL_QUOTE_SHOW_CREATE=1,2026-08-15T00:20:11.299881Z    82 Query SET SQL_QUOTE_SHOW_CREATE=1
"Aug 14, 2026 6:20:11 PM",corp-na01-bp123na,Query," SELECT engine, table_type FROM INFORMATION_SCHEMA.TABLES WHERE table_schema = DATABASE() AND table_name = 'sales_by_film_category'","2026-08-15T00:20:11.168887Z    82 Query SELECT engine, table_type FROM INFORMATION_SCHEMA.TABLES WHERE table_schema = DATABASE() AND table_name = 'sales_by_film_category'"
"Aug 14, 2026 6:20:11 PM",corp-na01-bp123na,Query," SELECT engine, table_type FROM INFORMATION_SCHEMA.TABLES WHERE table_schema = DATABASE() AND table_name = 'sales_by_film_category'","2026-08-15T00:20:11.006945Z    82 Query SELECT engine, table_type FROM INFORMATION_SCHEMA.TABLES WHERE table_schema = DATABASE() AND table_name = 'sales_by_film_category'"
"Aug 14, 2026 6:20:11 PM",corp-na01-bp123na,Query," select column_name, extra, generation_expression, data_type from information_schema.columns where table_schema=database() and table_name='sales_by_film_category' order by ordinal_position","2026-08-15T00:20:11.393621Z    82 Query select column_name, extra, generation_expression, data_type from information_schema.columns where table_schema=database() and table_name='sales_by_film_category' order by ordinal_position"
"Aug 14, 2026 6:20:11 PM",corp-na01-bp123na,Query, SELECT table_name FROM INFORMATION_SCHEMA.TABLES WHERE table_schema = DATABASE() AND table_name = 'sales_by_film_category',2026-08-15T00:20:10.909809Z    82 Query SELECT table_name FROM INFORMATION_SCHEMA.TABLES WHERE table_schema = DATABASE() AND table_name = 'sales_by_film_category'
"Aug 14, 2026 6:20:10 PM",corp-na01-bp123na,Query, set optimizer_switch='semijoin=off',2026-08-15T00:20:10.169851Z    82 Query set optimizer_switch='semijoin=off'
"Aug 14, 2026 6:20:10 PM",corp-na01-bp123na,Query, /*M!100100 SET WAIT_TIMEOUT=DEFAULT */,2026-08-15T00:20:10.032647Z    82 Query /*M!100100 SET WAIT_TIMEOUT=DEFAULT */
"Aug 14, 2026 6:20:10 PM",corp-na01-bp123na,Query," SELECT LOGFILE_GROUP_NAME, FILE_NAME, TOTAL_EXTENTS, INITIAL_SIZE, ENGINE, EXTRA FROM INFORMATION_SCHEMA.FILES WHERE FILE_TYPE = 'UNDO LOG' AND FILE_NAME IS NOT NULL AND LOGFILE_GROUP_NAME IS NOT NULL AND LOGFILE_GROUP_NAME IN (SELECT DISTINCT LOGFILE_GROUP_NAME FROM INFORMATION_SCHEMA.FILES WHERE FILE_TYPE = 'DATAFILE' AND TABLESPACE_NAME IN (SELECT DISTINCT TABLESPACE_NAME FROM INFORMATION_SCHEMA.PARTITIONS WHERE TABLE_SCHEMA='sakila' AND TABLE_NAME IN ('sales_by_film_category'))) GROUP BY LOGFILE_GROUP_NAME, FILE_NAME, ENGINE, TOTAL_EXTENTS, INITIAL_SIZE ORDER BY LOGFILE_GROUP_NAME","2026-08-15T00:20:10.302547Z    82 Query SELECT LOGFILE_GROUP_NAME, FILE_NAME, TOTAL_EXTENTS, INITIAL_SIZE, ENGINE, EXTRA FROM INFORMATION_SCHEMA.FILES WHERE FILE_TYPE = 'UNDO LOG' AND FILE_NAME IS NOT NULL AND LOGFILE_GROUP_NAME IS NOT NULL AND LOGFILE_GROUP_NAME IN (SELECT DISTINCT LOGFILE_GROUP_NAME FROM INFORMATION_SCHEMA.FILES WHERE FILE_TYPE = 'DATAFILE' AND TABLESPACE_NAME IN (SELECT DISTINCT TABLESPACE_NAME FROM INFORMATION_SCHEMA.PARTITIONS WHERE TABLE_SCHEMA='sakila' AND TABLE_NAME IN ('sales_by_film_category'))) GROUP BY LOGFILE_GROUP_NAME, FILE_NAME, ENGINE, TOTAL_EXTENTS, INITIAL_SIZE ORDER BY LOGFILE_GROUP_NAME"
"Aug 14, 2026 6:20:10 PM",corp-na01-bp123na,Query," SELECT DISTINCT TABLESPACE_NAME, FILE_NAME, LOGFILE_GROUP_NAME, EXTENT_SIZE, INITIAL_SIZE, ENGINE FROM INFORMATION_SCHEMA.FILES WHERE FILE_TYPE = 'DATAFILE' AND TABLESPACE_NAME IN (SELECT DISTINCT TABLESPACE_NAME FROM INFORMATION_SCHEMA.PARTITIONS WHERE TABLE_SCHEMA='sakila' AND TABLE_NAME IN ('sales_by_film_category')) ORDER BY TABLESPACE_NAME, LOGFILE_GROUP_NAME","2026-08-15T00:20:10.423020Z    82 Query SELECT DISTINCT TABLESPACE_NAME, FILE_NAME, LOGFILE_GROUP_NAME, EXTENT_SIZE, INITIAL_SIZE, ENGINE FROM INFORMATION_SCHEMA.FILES WHERE FILE_TYPE = 'DATAFILE' AND TABLESPACE_NAME IN (SELECT DISTINCT TABLESPACE_NAME FROM INFORMATION_SCHEMA.PARTITIONS WHERE TABLE_SCHEMA='sakila' AND TABLE_NAME IN ('sales_by_film_category')) ORDER BY TABLESPACE_NAME, LOGFILE_GROUP_NAME"
"Aug 14, 2026 6:20:10 PM",corp-na01-bp123na,Query, SHOW VARIABLES LIKE 'lower_case_table_names',2026-08-15T00:20:10.808237Z    82 Query SHOW VARIABLES LIKE 'lower_case_table_names'
"Aug 14, 2026 6:20:10 PM",corp-na01-bp123na,Query, set optimizer_switch=default,2026-08-15T00:20:10.573053Z    82 Query set optimizer_switch=default
"Aug 14, 2026 6:20:10 PM",corp-na01-bp123na,Query, /*M!100100 SET @@MAX_STATEMENT_TIME=0.000000 */,2026-08-15T00:20:09.900480Z    82 Query /*M!100100 SET @@MAX_STATEMENT_TIME=0.000000 */
"Aug 14, 2026 6:20:09 PM",corp-na01-bp123na,Query, /*!40100 SET @@SQL_MODE='' */,2026-08-15T00:20:09.759751Z    82 Query /*!40100 SET @@SQL_MODE='' */
"Aug 14, 2026 6:20:09 PM",corp-na01-bp123na,Query, SELECT * FROM rental LIMIT 10,2026-08-15T00:20:08.878860Z    81 Query SELECT * FROM rental LIMIT 10
"Aug 14, 2026 6:20:08 PM",corp-na01-bp123na,Query," select column_name, extra, generation_expression, data_type from information_schema.columns where table_schema=database() and table_name='rental' order by ordinal_position","2026-08-15T00:20:08.054550Z    80 Query select column_name, extra, generation_expression, data_type from information_schema.columns where table_schema=database() and table_name='rental' order by ordinal_position"
"Aug 14, 2026 6:20:08 PM",corp-na01-bp123na,Query, SET SQL_QUOTE_SHOW_CREATE=1,2026-08-15T00:20:07.965158Z    80 Query SET SQL_QUOTE_SHOW_CREATE=1
"Aug 14, 2026 6:20:08 PM",corp-na01-bp123na,Query," SELECT /*!40001 SQL_NO_CACHE */ `rental_id`, `rental_date`, `inventory_id`, `customer_id`, `return_date`, `staff_id`, `last_update` FROM `rental` WHERE 1 LIMIT 10","2026-08-15T00:20:08.144728Z    80 Query SELECT /*!40001 SQL_NO_CACHE */ `rental_id`, `rental_date`, `inventory_id`, `customer_id`, `return_date`, `staff_id`, `last_update` FROM `rental` WHERE 1 LIMIT 10"
"Aug 14, 2026 6:20:08 PM",corp-na01-bp123na,Query," SELECT engine, table_type FROM INFORMATION_SCHEMA.TABLES WHERE table_schema = DATABASE() AND table_name = 'rental'","2026-08-15T00:20:07.875216Z    80 Query SELECT engine, table_type FROM INFORMATION_SCHEMA.TABLES WHERE table_schema = DATABASE() AND table_name = 'rental'"
"Aug 14, 2026 6:20:07 PM",corp-na01-bp123na,Query," SELECT LOGFILE_GROUP_NAME, FILE_NAME, TOTAL_EXTENTS, INITIAL_SIZE, ENGINE, EXTRA FROM INFORMATION_SCHEMA.FILES WHERE FILE_TYPE = 'UNDO LOG' AND FILE_NAME IS NOT NULL AND LOGFILE_GROUP_NAME IS NOT NULL AND LOGFILE_GROUP_NAME IN (SELECT DISTINCT LOGFILE_GROUP_NAME FROM INFORMATION_SCHEMA.FILES WHERE FILE_TYPE = 'DATAFILE' AND TABLESPACE_NAME IN (SELECT DISTINCT TABLESPACE_NAME FROM INFORMATION_SCHEMA.PARTITIONS WHERE TABLE_SCHEMA='sakila' AND TABLE_NAME IN ('rental'))) GROUP BY LOGFILE_GROUP_NAME, FILE_NAME, ENGINE, TOTAL_EXTENTS, INITIAL_SIZE ORDER BY LOGFILE_GROUP_NAME","2026-08-15T00:20:07.239584Z    80 Query SELECT LOGFILE_GROUP_NAME, FILE_NAME, TOTAL_EXTENTS, INITIAL_SIZE, ENGINE, EXTRA FROM INFORMATION_SCHEMA.FILES WHERE FILE_TYPE = 'UNDO LOG' AND FILE_NAME IS NOT NULL AND LOGFILE_GROUP_NAME IS NOT NULL AND LOGFILE_GROUP_NAME IN (SELECT DISTINCT LOGFILE_GROUP_NAME FROM INFORMATION_SCHEMA.FILES WHERE FILE_TYPE = 'DATAFILE' AND TABLESPACE_NAME IN (SELECT DISTINCT TABLESPACE_NAME FROM INFORMATION_SCHEMA.PARTITIONS WHERE TABLE_SCHEMA='sakila' AND TABLE_NAME IN ('rental'))) GROUP BY LOGFILE_GROUP_NAME, FILE_NAME, ENGINE, TOTAL_EXTENTS, INITIAL_SIZE ORDER BY LOGFILE_GROUP_NAME"
"Aug 14, 2026 6:20:07 PM",corp-na01-bp123na,Query, /*!40100 SET @@SQL_MODE='' */,2026-08-15T00:20:06.880371Z    80 Query /*!40100 SET @@SQL_MODE='' */
"Aug 14, 2026 6:20:07 PM",corp-na01-bp123na,Query, /*M!100100 SET @@MAX_STATEMENT_TIME=0.000000 */,2026-08-15T00:20:06.969782Z    80 Query /*M!100100 SET @@MAX_STATEMENT_TIME=0.000000 */
"Aug 14, 2026 6:20:07 PM",corp-na01-bp123na,Query, /*M!100100 SET WAIT_TIMEOUT=DEFAULT */,2026-08-15T00:20:07.058994Z    80 Query /*M!100100 SET WAIT_TIMEOUT=DEFAULT */
"Aug 14, 2026 6:20:07 PM",corp-na01-bp123na,Query, SHOW VARIABLES LIKE 'lower_case_table_names',2026-08-15T00:20:07.603982Z    80 Query SHOW VARIABLES LIKE 'lower_case_table_names'
"Aug 14, 2026 6:20:07 PM",corp-na01-bp123na,Query, set optimizer_switch=default,2026-08-15T00:20:07.423662Z    80 Query set optimizer_switch=default
"Aug 14, 2026 6:20:07 PM",corp-na01-bp123na,Query," SELECT engine, table_type FROM INFORMATION_SCHEMA.TABLES WHERE table_schema = DATABASE() AND table_name = 'rental'","2026-08-15T00:20:07.785183Z    80 Query SELECT engine, table_type FROM INFORMATION_SCHEMA.TABLES WHERE table_schema = DATABASE() AND table_name = 'rental'"
"Aug 14, 2026 6:20:07 PM",corp-na01-bp123na,Query, SELECT table_name FROM INFORMATION_SCHEMA.TABLES WHERE table_schema = DATABASE() AND table_name = 'rental',2026-08-15T00:20:07.694914Z    80 Query SELECT table_name FROM INFORMATION_SCHEMA.TABLES WHERE table_schema = DATABASE() AND table_name = 'rental'
"Aug 14, 2026 6:20:07 PM",corp-na01-bp123na,Query, set optimizer_switch='semijoin=off',2026-08-15T00:20:07.149454Z    80 Query set optimizer_switch='semijoin=off'
"Aug 14, 2026 6:20:07 PM",corp-na01-bp123na,Query," SELECT DISTINCT TABLESPACE_NAME, FILE_NAME, LOGFILE_GROUP_NAME, EXTENT_SIZE, INITIAL_SIZE, ENGINE FROM INFORMATION_SCHEMA.FILES WHERE FILE_TYPE = 'DATAFILE' AND TABLESPACE_NAME IN (SELECT DISTINCT TABLESPACE_NAME FROM INFORMATION_SCHEMA.PARTITIONS WHERE TABLE_SCHEMA='sakila' AND TABLE_NAME IN ('rental')) ORDER BY TABLESPACE_NAME, LOGFILE_GROUP_NAME","2026-08-15T00:20:07.332823Z    80 Query SELECT DISTINCT TABLESPACE_NAME, FILE_NAME, LOGFILE_GROUP_NAME, EXTENT_SIZE, INITIAL_SIZE, ENGINE FROM INFORMATION_SCHEMA.FILES WHERE FILE_TYPE = 'DATAFILE' AND TABLESPACE_NAME IN (SELECT DISTINCT TABLESPACE_NAME FROM INFORMATION_SCHEMA.PARTITIONS WHERE TABLE_SCHEMA='sakila' AND TABLE_NAME IN ('rental')) ORDER BY TABLESPACE_NAME, LOGFILE_GROUP_NAME"
"Aug 14, 2026 6:20:06 PM",corp-na01-bp123na,Query, SELECT * FROM payment LIMIT 10,2026-08-15T00:20:06.193312Z    79 Query SELECT * FROM payment LIMIT 10
"Aug 14, 2026 6:20:05 PM",corp-na01-bp123na,Query," SELECT /*!40001 SQL_NO_CACHE */ `payment_id`, `customer_id`, `staff_id`, `rental_id`, `amount`, `payment_date`, `last_update` FROM `payment` WHERE 1 LIMIT 10","2026-08-15T00:20:05.436950Z    78 Query SELECT /*!40001 SQL_NO_CACHE */ `payment_id`, `customer_id`, `staff_id`, `rental_id`, `amount`, `payment_date`, `last_update` FROM `payment` WHERE 1 LIMIT 10"
"Aug 14, 2026 6:20:05 PM",corp-na01-bp123na,Query," SELECT engine, table_type FROM INFORMATION_SCHEMA.TABLES WHERE table_schema = DATABASE() AND table_name = 'payment'","2026-08-15T00:20:05.071909Z    78 Query SELECT engine, table_type FROM INFORMATION_SCHEMA.TABLES WHERE table_schema = DATABASE() AND table_name = 'payment'"
"Aug 14, 2026 6:20:05 PM",corp-na01-bp123na,Query, SELECT table_name FROM INFORMATION_SCHEMA.TABLES WHERE table_schema = DATABASE() AND table_name = 'payment',2026-08-15T00:20:04.968606Z    78 Query SELECT table_name FROM INFORMATION_SCHEMA.TABLES WHERE table_schema = DATABASE() AND table_name = 'payment'
"Aug 14, 2026 6:20:05 PM",corp-na01-bp123na,Query," select column_name, extra, generation_expression, data_type from information_schema.columns where table_schema=database() and table_name='payment' order by ordinal_position","2026-08-15T00:20:05.346538Z    78 Query select column_name, extra, generation_expression, data_type from information_schema.columns where table_schema=database() and table_name='payment' order by ordinal_position"
"Aug 14, 2026 6:20:05 PM",corp-na01-bp123na,Query, SET SQL_QUOTE_SHOW_CREATE=1,2026-08-15T00:20:05.255296Z    78 Query SET SQL_QUOTE_SHOW_CREATE=1
"Aug 14, 2026 6:20:05 PM",corp-na01-bp123na,Query, SHOW VARIABLES LIKE 'lower_case_table_names',2026-08-15T00:20:04.874709Z    78 Query SHOW VARIABLES LIKE 'lower_case_table_names'
"Aug 14, 2026 6:20:05 PM",corp-na01-bp123na,Query," SELECT engine, table_type FROM INFORMATION_SCHEMA.TABLES WHERE table_schema = DATABASE() AND table_name = 'payment'","2026-08-15T00:20:05.165395Z    78 Query SELECT engine, table_type FROM INFORMATION_SCHEMA.TABLES WHERE table_schema = DATABASE() AND table_name = 'payment'"
"Aug 14, 2026 6:20:04 PM",corp-na01-bp123na,Query," SELECT DISTINCT TABLESPACE_NAME, FILE_NAME, LOGFILE_GROUP_NAME, EXTENT_SIZE, INITIAL_SIZE, ENGINE FROM INFORMATION_SCHEMA.FILES WHERE FILE_TYPE = 'DATAFILE' AND TABLESPACE_NAME IN (SELECT DISTINCT TABLESPACE_NAME FROM INFORMATION_SCHEMA.PARTITIONS WHERE TABLE_SCHEMA='sakila' AND TABLE_NAME IN ('payment')) ORDER BY TABLESPACE_NAME, LOGFILE_GROUP_NAME","2026-08-15T00:20:04.292456Z    78 Query SELECT DISTINCT TABLESPACE_NAME, FILE_NAME, LOGFILE_GROUP_NAME, EXTENT_SIZE, INITIAL_SIZE, ENGINE FROM INFORMATION_SCHEMA.FILES WHERE FILE_TYPE = 'DATAFILE' AND TABLESPACE_NAME IN (SELECT DISTINCT TABLESPACE_NAME FROM INFORMATION_SCHEMA.PARTITIONS WHERE TABLE_SCHEMA='sakila' AND TABLE_NAME IN ('payment')) ORDER BY TABLESPACE_NAME, LOGFILE_GROUP_NAME"
"Aug 14, 2026 6:20:04 PM",corp-na01-bp123na,Query, set optimizer_switch='semijoin=off',2026-08-15T00:20:04.111110Z    78 Query set optimizer_switch='semijoin=off'
"Aug 14, 2026 6:20:04 PM",corp-na01-bp123na,Query, /*M!100100 SET WAIT_TIMEOUT=DEFAULT */,2026-08-15T00:20:04.020987Z    78 Query /*M!100100 SET WAIT_TIMEOUT=DEFAULT */
"Aug 14, 2026 6:20:04 PM",corp-na01-bp123na,Query," SELECT LOGFILE_GROUP_NAME, FILE_NAME, TOTAL_EXTENTS, INITIAL_SIZE, ENGINE, EXTRA FROM INFORMATION_SCHEMA.FILES WHERE FILE_TYPE = 'UNDO LOG' AND FILE_NAME IS NOT NULL AND LOGFILE_GROUP_NAME IS NOT NULL AND LOGFILE_GROUP_NAME IN (SELECT DISTINCT LOGFILE_GROUP_NAME FROM INFORMATION_SCHEMA.FILES WHERE FILE_TYPE = 'DATAFILE' AND TABLESPACE_NAME IN (SELECT DISTINCT TABLESPACE_NAME FROM INFORMATION_SCHEMA.PARTITIONS WHERE TABLE_SCHEMA='sakila' AND TABLE_NAME IN ('payment'))) GROUP BY LOGFILE_GROUP_NAME, FILE_NAME, ENGINE, TOTAL_EXTENTS, INITIAL_SIZE ORDER BY LOGFILE_GROUP_NAME","2026-08-15T00:20:04.200591Z    78 Query SELECT LOGFILE_GROUP_NAME, FILE_NAME, TOTAL_EXTENTS, INITIAL_SIZE, ENGINE, EXTRA FROM INFORMATION_SCHEMA.FILES WHERE FILE_TYPE = 'UNDO LOG' AND FILE_NAME IS NOT NULL AND LOGFILE_GROUP_NAME IS NOT NULL AND LOGFILE_GROUP_NAME IN (SELECT DISTINCT LOGFILE_GROUP_NAME FROM INFORMATION_SCHEMA.FILES WHERE FILE_TYPE = 'DATAFILE' AND TABLESPACE_NAME IN (SELECT DISTINCT TABLESPACE_NAME FROM INFORMATION_SCHEMA.PARTITIONS WHERE TABLE_SCHEMA='sakila' AND TABLE_NAME IN ('payment'))) GROUP BY LOGFILE_GROUP_NAME, FILE_NAME, ENGINE, TOTAL_EXTENTS, INITIAL_SIZE ORDER BY LOGFILE_GROUP_NAME"
"Aug 14, 2026 6:20:04 PM",corp-na01-bp123na,Query, set optimizer_switch=default,2026-08-15T00:20:04.686881Z    78 Query set optimizer_switch=default
"Aug 14, 2026 6:20:04 PM",corp-na01-bp123na,Query, /*M!100100 SET @@MAX_STATEMENT_TIME=0.000000 */,2026-08-15T00:20:03.924510Z    78 Query /*M!100100 SET @@MAX_STATEMENT_TIME=0.000000 */
"Aug 14, 2026 6:20:03 PM",corp-na01-bp123na,Query, /*!40100 SET @@SQL_MODE='' */,2026-08-15T00:20:03.834764Z    78 Query /*!40100 SET @@SQL_MODE='' */
"Aug 14, 2026 6:20:02 PM",corp-na01-bp123na,Query," select column_name, extra, generation_expression, data_type from information_schema.columns where table_schema=database() and table_name='nicer_but_slower_film_list' order by ordinal_position","2026-08-15T00:20:01.914028Z    76 Query select column_name, extra, generation_expression, data_type from information_schema.columns where table_schema=database() and table_name='nicer_but_slower_film_list' order by ordinal_position"
"Aug 14, 2026 6:20:02 PM",corp-na01-bp123na,Query, SELECT * FROM nicer_but_slower_film_list LIMIT 10,2026-08-15T00:20:02.582748Z    77 Query SELECT * FROM nicer_but_slower_film_list LIMIT 10
"Aug 14, 2026 6:20:01 PM",corp-na01-bp123na,Query, set optimizer_switch=default,2026-08-15T00:20:01.254830Z    76 Query set optimizer_switch=default
"Aug 14, 2026 6:20:01 PM",corp-na01-bp123na,Query, SELECT table_name FROM INFORMATION_SCHEMA.TABLES WHERE table_schema = DATABASE() AND table_name = 'nicer_but_slower_film_list',2026-08-15T00:20:01.536320Z    76 Query SELECT table_name FROM INFORMATION_SCHEMA.TABLES WHERE table_schema = DATABASE() AND table_name = 'nicer_but_slower_film_list'
"Aug 14, 2026 6:20:01 PM",corp-na01-bp123na,Query, /*M!100100 SET WAIT_TIMEOUT=DEFAULT */,2026-08-15T00:20:00.878901Z    76 Query /*M!100100 SET WAIT_TIMEOUT=DEFAULT */
"Aug 14, 2026 6:20:01 PM",corp-na01-bp123na,Query," SELECT LOGFILE_GROUP_NAME, FILE_NAME, TOTAL_EXTENTS, INITIAL_SIZE, ENGINE, EXTRA FROM INFORMATION_SCHEMA.FILES WHERE FILE_TYPE = 'UNDO LOG' AND FILE_NAME IS NOT NULL AND LOGFILE_GROUP_NAME IS NOT NULL AND LOGFILE_GROUP_NAME IN (SELECT DISTINCT LOGFILE_GROUP_NAME FROM INFORMATION_SCHEMA.FILES WHERE FILE_TYPE = 'DATAFILE' AND TABLESPACE_NAME IN (SELECT DISTINCT TABLESPACE_NAME FROM INFORMATION_SCHEMA.PARTITIONS WHERE TABLE_SCHEMA='sakila' AND TABLE_NAME IN ('nicer_but_slower_film_list'))) GROUP BY LOGFILE_GROUP_NAME, FILE_NAME, ENGINE, TOTAL_EXTENTS, INITIAL_SIZE ORDER BY LOGFILE_GROUP_NAME","2026-08-15T00:20:01.064916Z    76 Query SELECT LOGFILE_GROUP_NAME, FILE_NAME, TOTAL_EXTENTS, INITIAL_SIZE, ENGINE, EXTRA FROM INFORMATION_SCHEMA.FILES WHERE FILE_TYPE = 'UNDO LOG' AND FILE_NAME IS NOT NULL AND LOGFILE_GROUP_NAME IS NOT NULL AND LOGFILE_GROUP_NAME IN (SELECT DISTINCT LOGFILE_GROUP_NAME FROM INFORMATION_SCHEMA.FILES WHERE FILE_TYPE = 'DATAFILE' AND TABLESPACE_NAME IN (SELECT DISTINCT TABLESPACE_NAME FROM INFORMATION_SCHEMA.PARTITIONS WHERE TABLE_SCHEMA='sakila' AND TABLE_NAME IN ('nicer_but_slower_film_list'))) GROUP BY LOGFILE_GROUP_NAME, FILE_NAME, ENGINE, TOTAL_EXTENTS, INITIAL_SIZE ORDER BY LOGFILE_GROUP_NAME"
"Aug 14, 2026 6:20:01 PM",corp-na01-bp123na,Query," SELECT engine, table_type FROM INFORMATION_SCHEMA.TABLES WHERE table_schema = DATABASE() AND table_name = 'nicer_but_slower_film_list'","2026-08-15T00:20:01.724467Z    76 Query SELECT engine, table_type FROM INFORMATION_SCHEMA.TABLES WHERE table_schema = DATABASE() AND table_name = 'nicer_but_slower_film_list'"
"Aug 14, 2026 6:20:01 PM",corp-na01-bp123na,Query," SELECT engine, table_type FROM INFORMATION_SCHEMA.TABLES WHERE table_schema = DATABASE() AND table_name = 'nicer_but_slower_film_list'","2026-08-15T00:20:01.629769Z    76 Query SELECT engine, table_type FROM INFORMATION_SCHEMA.TABLES WHERE table_schema = DATABASE() AND table_name = 'nicer_but_slower_film_list'"
"Aug 14, 2026 6:20:01 PM",corp-na01-bp123na,Query," SELECT DISTINCT TABLESPACE_NAME, FILE_NAME, LOGFILE_GROUP_NAME, EXTENT_SIZE, INITIAL_SIZE, ENGINE FROM INFORMATION_SCHEMA.FILES WHERE FILE_TYPE = 'DATAFILE' AND TABLESPACE_NAME IN (SELECT DISTINCT TABLESPACE_NAME FROM INFORMATION_SCHEMA.PARTITIONS WHERE TABLE_SCHEMA='sakila' AND TABLE_NAME IN ('nicer_but_slower_film_list')) ORDER BY TABLESPACE_NAME, LOGFILE_GROUP_NAME","2026-08-15T00:20:01.160456Z    76 Query SELECT DISTINCT TABLESPACE_NAME, FILE_NAME, LOGFILE_GROUP_NAME, EXTENT_SIZE, INITIAL_SIZE, ENGINE FROM INFORMATION_SCHEMA.FILES WHERE FILE_TYPE = 'DATAFILE' AND TABLESPACE_NAME IN (SELECT DISTINCT TABLESPACE_NAME FROM INFORMATION_SCHEMA.PARTITIONS WHERE TABLE_SCHEMA='sakila' AND TABLE_NAME IN ('nicer_but_slower_film_list')) ORDER BY TABLESPACE_NAME, LOGFILE_GROUP_NAME"
"Aug 14, 2026 6:20:01 PM",corp-na01-bp123na,Query, SHOW VARIABLES LIKE 'lower_case_table_names',2026-08-15T00:20:01.442252Z    76 Query SHOW VARIABLES LIKE 'lower_case_table_names'
"Aug 14, 2026 6:20:01 PM",corp-na01-bp123na,Query, set optimizer_switch='semijoin=off',2026-08-15T00:20:00.971888Z    76 Query set optimizer_switch='semijoin=off'
"Aug 14, 2026 6:20:01 PM",corp-na01-bp123na,Query, SET SQL_QUOTE_SHOW_CREATE=1,2026-08-15T00:20:01.818031Z    76 Query SET SQL_QUOTE_SHOW_CREATE=1
"Aug 14, 2026 6:20:00 PM",corp-na01-bp123na,Query, /*M!100100 SET @@MAX_STATEMENT_TIME=0.000000 */,2026-08-15T00:20:00.784607Z    76 Query /*M!100100 SET @@MAX_STATEMENT_TIME=0.000000 */
"Aug 14, 2026 6:20:00 PM",corp-na01-bp123na,Query, /*!40100 SET @@SQL_MODE='' */,2026-08-15T00:20:00.685848Z    76 Query /*!40100 SET @@SQL_MODE='' */
"Aug 14, 2026 6:20:00 PM",corp-na01-bp123na,Query, SELECT * FROM language LIMIT 10,2026-08-15T00:20:00.027806Z    75 Query SELECT * FROM language LIMIT 10
"Aug 14, 2026 6:19:59 PM",corp-na01-bp123na,Query," SELECT engine, table_type FROM INFORMATION_SCHEMA.TABLES WHERE table_schema = DATABASE() AND table_name = 'language'","2026-08-15T00:19:58.941565Z    74 Query SELECT engine, table_type FROM INFORMATION_SCHEMA.TABLES WHERE table_schema = DATABASE() AND table_name = 'language'"
"Aug 14, 2026 6:19:59 PM",corp-na01-bp123na,Query," select column_name, extra, generation_expression, data_type from information_schema.columns where table_schema=database() and table_name='language' order by ordinal_position","2026-08-15T00:19:59.220822Z    74 Query select column_name, extra, generation_expression, data_type from information_schema.columns where table_schema=database() and table_name='language' order by ordinal_position"
"Aug 14, 2026 6:19:59 PM",corp-na01-bp123na,Query," SELECT engine, table_type FROM INFORMATION_SCHEMA.TABLES WHERE table_schema = DATABASE() AND table_name = 'language'","2026-08-15T00:19:59.034988Z    74 Query SELECT engine, table_type FROM INFORMATION_SCHEMA.TABLES WHERE table_schema = DATABASE() AND table_name = 'language'"
"Aug 14, 2026 6:19:59 PM",corp-na01-bp123na,Query," SELECT /*!40001 SQL_NO_CACHE */ `language_id`, `name`, `last_update` FROM `language` WHERE 1 LIMIT 10","2026-08-15T00:19:59.314285Z    74 Query SELECT /*!40001 SQL_NO_CACHE */ `language_id`, `name`, `last_update` FROM `language` WHERE 1 LIMIT 10"
"Aug 14, 2026 6:19:59 PM",corp-na01-bp123na,Query, SET SQL_QUOTE_SHOW_CREATE=1,2026-08-15T00:19:59.128183Z    74 Query SET SQL_QUOTE_SHOW_CREATE=1
"Aug 14, 2026 6:19:58 PM",corp-na01-bp123na,Query, /*M!100100 SET WAIT_TIMEOUT=DEFAULT */,2026-08-15T00:19:58.192114Z    74 Query /*M!100100 SET WAIT_TIMEOUT=DEFAULT */
"Aug 14, 2026 6:19:58 PM",corp-na01-bp123na,Query," SELECT LOGFILE_GROUP_NAME, FILE_NAME, TOTAL_EXTENTS, INITIAL_SIZE, ENGINE, EXTRA FROM INFORMATION_SCHEMA.FILES WHERE FILE_TYPE = 'UNDO LOG' AND FILE_NAME IS NOT NULL AND LOGFILE_GROUP_NAME IS NOT NULL AND LOGFILE_GROUP_NAME IN (SELECT DISTINCT LOGFILE_GROUP_NAME FROM INFORMATION_SCHEMA.FILES WHERE FILE_TYPE = 'DATAFILE' AND TABLESPACE_NAME IN (SELECT DISTINCT TABLESPACE_NAME FROM INFORMATION_SCHEMA.PARTITIONS WHERE TABLE_SCHEMA='sakila' AND TABLE_NAME IN ('language'))) GROUP BY LOGFILE_GROUP_NAME, FILE_NAME, ENGINE, TOTAL_EXTENTS, INITIAL_SIZE ORDER BY LOGFILE_GROUP_NAME","2026-08-15T00:19:58.378514Z    74 Query SELECT LOGFILE_GROUP_NAME, FILE_NAME, TOTAL_EXTENTS, INITIAL_SIZE, ENGINE, EXTRA FROM INFORMATION_SCHEMA.FILES WHERE FILE_TYPE = 'UNDO LOG' AND FILE_NAME IS NOT NULL AND LOGFILE_GROUP_NAME IS NOT NULL AND LOGFILE_GROUP_NAME IN (SELECT DISTINCT LOGFILE_GROUP_NAME FROM INFORMATION_SCHEMA.FILES WHERE FILE_TYPE = 'DATAFILE' AND TABLESPACE_NAME IN (SELECT DISTINCT TABLESPACE_NAME FROM INFORMATION_SCHEMA.PARTITIONS WHERE TABLE_SCHEMA='sakila' AND TABLE_NAME IN ('language'))) GROUP BY LOGFILE_GROUP_NAME, FILE_NAME, ENGINE, TOTAL_EXTENTS, INITIAL_SIZE ORDER BY LOGFILE_GROUP_NAME"
"Aug 14, 2026 6:19:58 PM",corp-na01-bp123na,Query," SELECT DISTINCT TABLESPACE_NAME, FILE_NAME, LOGFILE_GROUP_NAME, EXTENT_SIZE, INITIAL_SIZE, ENGINE FROM INFORMATION_SCHEMA.FILES WHERE FILE_TYPE = 'DATAFILE' AND TABLESPACE_NAME IN (SELECT DISTINCT TABLESPACE_NAME FROM INFORMATION_SCHEMA.PARTITIONS WHERE TABLE_SCHEMA='sakila' AND TABLE_NAME IN ('language')) ORDER BY TABLESPACE_NAME, LOGFILE_GROUP_NAME","2026-08-15T00:19:58.473967Z    74 Query SELECT DISTINCT TABLESPACE_NAME, FILE_NAME, LOGFILE_GROUP_NAME, EXTENT_SIZE, INITIAL_SIZE, ENGINE FROM INFORMATION_SCHEMA.FILES WHERE FILE_TYPE = 'DATAFILE' AND TABLESPACE_NAME IN (SELECT DISTINCT TABLESPACE_NAME FROM INFORMATION_SCHEMA.PARTITIONS WHERE TABLE_SCHEMA='sakila' AND TABLE_NAME IN ('language')) ORDER BY TABLESPACE_NAME, LOGFILE_GROUP_NAME"
"Aug 14, 2026 6:19:58 PM",corp-na01-bp123na,Query, SHOW VARIABLES LIKE 'lower_case_table_names',2026-08-15T00:19:58.752863Z    74 Query SHOW VARIABLES LIKE 'lower_case_table_names'
"Aug 14, 2026 6:19:58 PM",corp-na01-bp123na,Query, /*M!100100 SET @@MAX_STATEMENT_TIME=0.000000 */,2026-08-15T00:19:58.098889Z    74 Query /*M!100100 SET @@MAX_STATEMENT_TIME=0.000000 */
"Aug 14, 2026 6:19:58 PM",corp-na01-bp123na,Query, set optimizer_switch='semijoin=off',2026-08-15T00:19:58.285357Z    74 Query set optimizer_switch='semijoin=off'
"Aug 14, 2026 6:19:58 PM",corp-na01-bp123na,Query, /*!40100 SET @@SQL_MODE='' */,2026-08-15T00:19:57.997918Z    74 Query /*!40100 SET @@SQL_MODE='' */
"Aug 14, 2026 6:19:58 PM",corp-na01-bp123na,Query, SELECT table_name FROM INFORMATION_SCHEMA.TABLES WHERE table_schema = DATABASE() AND table_name = 'language',2026-08-15T00:19:58.847965Z    74 Query SELECT table_name FROM INFORMATION_SCHEMA.TABLES WHERE table_schema = DATABASE() AND table_name = 'language'
"Aug 14, 2026 6:19:58 PM",corp-na01-bp123na,Query, set optimizer_switch=default,2026-08-15T00:19:58.567643Z    74 Query set optimizer_switch=default
"Aug 14, 2026 6:19:57 PM",corp-na01-bp123na,Query, SELECT * FROM inventory LIMIT 10,2026-08-15T00:19:57.317979Z    73 Query SELECT * FROM inventory LIMIT 10
"Aug 14, 2026 6:19:56 PM",corp-na01-bp123na,Query, SELECT table_name FROM INFORMATION_SCHEMA.TABLES WHERE table_schema = DATABASE() AND table_name = 'inventory',2026-08-15T00:19:56.121575Z    72 Query SELECT table_name FROM INFORMATION_SCHEMA.TABLES WHERE table_schema = DATABASE() AND table_name = 'inventory'
"Aug 14, 2026 6:19:56 PM",corp-na01-bp123na,Query," select column_name, extra, generation_expression, data_type from information_schema.columns where table_schema=database() and table_name='inventory' order by ordinal_position","2026-08-15T00:19:56.487743Z    72 Query select column_name, extra, generation_expression, data_type from information_schema.columns where table_schema=database() and table_name='inventory' order by ordinal_position"
"Aug 14, 2026 6:19:56 PM",corp-na01-bp123na,Query," SELECT /*!40001 SQL_NO_CACHE */ `inventory_id`, `film_id`, `store_id`, `last_update` FROM `inventory` WHERE 1 LIMIT 10","2026-08-15T00:19:56.579620Z    72 Query SELECT /*!40001 SQL_NO_CACHE */ `inventory_id`, `film_id`, `store_id`, `last_update` FROM `inventory` WHERE 1 LIMIT 10"
"Aug 14, 2026 6:19:56 PM",corp-na01-bp123na,Query, SHOW VARIABLES LIKE 'lower_case_table_names',2026-08-15T00:19:56.031014Z    72 Query SHOW VARIABLES LIKE 'lower_case_table_names'
"Aug 14, 2026 6:19:56 PM",corp-na01-bp123na,Query," SELECT engine, table_type FROM INFORMATION_SCHEMA.TABLES WHERE table_schema = DATABASE() AND table_name = 'inventory'","2026-08-15T00:19:56.213742Z    72 Query SELECT engine, table_type FROM INFORMATION_SCHEMA.TABLES WHERE table_schema = DATABASE() AND table_name = 'inventory'"
"Aug 14, 2026 6:19:56 PM",corp-na01-bp123na,Query," SELECT engine, table_type FROM INFORMATION_SCHEMA.TABLES WHERE table_schema = DATABASE() AND table_name = 'inventory'","2026-08-15T00:19:56.305393Z    72 Query SELECT engine, table_type FROM INFORMATION_SCHEMA.TABLES WHERE table_schema = DATABASE() AND table_name = 'inventory'"
"Aug 14, 2026 6:19:56 PM",corp-na01-bp123na,Query," SELECT DISTINCT TABLESPACE_NAME, FILE_NAME, LOGFILE_GROUP_NAME, EXTENT_SIZE, INITIAL_SIZE, ENGINE FROM INFORMATION_SCHEMA.FILES WHERE FILE_TYPE = 'DATAFILE' AND TABLESPACE_NAME IN (SELECT DISTINCT TABLESPACE_NAME FROM INFORMATION_SCHEMA.PARTITIONS WHERE TABLE_SCHEMA='sakila' AND TABLE_NAME IN ('inventory')) ORDER BY TABLESPACE_NAME, LOGFILE_GROUP_NAME","2026-08-15T00:19:55.762365Z    72 Query SELECT DISTINCT TABLESPACE_NAME, FILE_NAME, LOGFILE_GROUP_NAME, EXTENT_SIZE, INITIAL_SIZE, ENGINE FROM INFORMATION_SCHEMA.FILES WHERE FILE_TYPE = 'DATAFILE' AND TABLESPACE_NAME IN (SELECT DISTINCT TABLESPACE_NAME FROM INFORMATION_SCHEMA.PARTITIONS WHERE TABLE_SCHEMA='sakila' AND TABLE_NAME IN ('inventory')) ORDER BY TABLESPACE_NAME, LOGFILE_GROUP_NAME"
"Aug 14, 2026 6:19:56 PM",corp-na01-bp123na,Query, SET SQL_QUOTE_SHOW_CREATE=1,2026-08-15T00:19:56.396949Z    72 Query SET SQL_QUOTE_SHOW_CREATE=1
"Aug 14, 2026 6:19:56 PM",corp-na01-bp123na,Query, set optimizer_switch=default,2026-08-15T00:19:55.852335Z    72 Query set optimizer_switch=default
"Aug 14, 2026 6:19:55 PM",corp-na01-bp123na,Query, /*!40100 SET @@SQL_MODE='' */,2026-08-15T00:19:55.304241Z    72 Query /*!40100 SET @@SQL_MODE='' */
"Aug 14, 2026 6:19:55 PM",corp-na01-bp123na,Query, set optimizer_switch='semijoin=off',2026-08-15T00:19:55.576792Z    72 Query set optimizer_switch='semijoin=off'
"Aug 14, 2026 6:19:55 PM",corp-na01-bp123na,Query, /*M!100100 SET WAIT_TIMEOUT=DEFAULT */,2026-08-15T00:19:55.486327Z    72 Query /*M!100100 SET WAIT_TIMEOUT=DEFAULT */
"Aug 14, 2026 6:19:55 PM",corp-na01-bp123na,Query, /*M!100100 SET @@MAX_STATEMENT_TIME=0.000000 */,2026-08-15T00:19:55.395155Z    72 Query /*M!100100 SET @@MAX_STATEMENT_TIME=0.000000 */
"Aug 14, 2026 6:19:55 PM",corp-na01-bp123na,Query," SELECT LOGFILE_GROUP_NAME, FILE_NAME, TOTAL_EXTENTS, INITIAL_SIZE, ENGINE, EXTRA FROM INFORMATION_SCHEMA.FILES WHERE FILE_TYPE = 'UNDO LOG' AND FILE_NAME IS NOT NULL AND LOGFILE_GROUP_NAME IS NOT NULL AND LOGFILE_GROUP_NAME IN (SELECT DISTINCT LOGFILE_GROUP_NAME FROM INFORMATION_SCHEMA.FILES WHERE FILE_TYPE = 'DATAFILE' AND TABLESPACE_NAME IN (SELECT DISTINCT TABLESPACE_NAME FROM INFORMATION_SCHEMA.PARTITIONS WHERE TABLE_SCHEMA='sakila' AND TABLE_NAME IN ('inventory'))) GROUP BY LOGFILE_GROUP_NAME, FILE_NAME, ENGINE, TOTAL_EXTENTS, INITIAL_SIZE ORDER BY LOGFILE_GROUP_NAME","2026-08-15T00:19:55.666848Z    72 Query SELECT LOGFILE_GROUP_NAME, FILE_NAME, TOTAL_EXTENTS, INITIAL_SIZE, ENGINE, EXTRA FROM INFORMATION_SCHEMA.FILES WHERE FILE_TYPE = 'UNDO LOG' AND FILE_NAME IS NOT NULL AND LOGFILE_GROUP_NAME IS NOT NULL AND LOGFILE_GROUP_NAME IN (SELECT DISTINCT LOGFILE_GROUP_NAME FROM INFORMATION_SCHEMA.FILES WHERE FILE_TYPE = 'DATAFILE' AND TABLESPACE_NAME IN (SELECT DISTINCT TABLESPACE_NAME FROM INFORMATION_SCHEMA.PARTITIONS WHERE TABLE_SCHEMA='sakila' AND TABLE_NAME IN ('inventory'))) GROUP BY LOGFILE_GROUP_NAME, FILE_NAME, ENGINE, TOTAL_EXTENTS, INITIAL_SIZE ORDER BY LOGFILE_GROUP_NAME"
"Aug 14, 2026 6:19:54 PM",corp-na01-bp123na,Query, SELECT * FROM film_text LIMIT 10,2026-08-15T00:19:54.604105Z    71 Query SELECT * FROM film_text LIMIT 10
"Aug 14, 2026 6:19:54 PM",corp-na01-bp123na,Query," SELECT /*!40001 SQL_NO_CACHE */ `film_id`, `title`, `description` FROM `film_text` WHERE 1 LIMIT 10","2026-08-15T00:19:53.892934Z    70 Query SELECT /*!40001 SQL_NO_CACHE */ `film_id`, `title`, `description` FROM `film_text` WHERE 1 LIMIT 10"
"Aug 14, 2026 6:19:53 PM",corp-na01-bp123na,Query, SET SQL_QUOTE_SHOW_CREATE=1,2026-08-15T00:19:53.706807Z    70 Query SET SQL_QUOTE_SHOW_CREATE=1
"Aug 14, 2026 6:19:53 PM",corp-na01-bp123na,Query," SELECT engine, table_type FROM INFORMATION_SCHEMA.TABLES WHERE table_schema = DATABASE() AND table_name = 'film_text'","2026-08-15T00:19:53.519352Z    70 Query SELECT engine, table_type FROM INFORMATION_SCHEMA.TABLES WHERE table_schema = DATABASE() AND table_name = 'film_text'"
"Aug 14, 2026 6:19:53 PM",corp-na01-bp123na,Query, SHOW VARIABLES LIKE 'lower_case_table_names',2026-08-15T00:19:53.331434Z    70 Query SHOW VARIABLES LIKE 'lower_case_table_names'
"Aug 14, 2026 6:19:53 PM",corp-na01-bp123na,Query," SELECT LOGFILE_GROUP_NAME, FILE_NAME, TOTAL_EXTENTS, INITIAL_SIZE, ENGINE, EXTRA FROM INFORMATION_SCHEMA.FILES WHERE FILE_TYPE = 'UNDO LOG' AND FILE_NAME IS NOT NULL AND LOGFILE_GROUP_NAME IS NOT NULL AND LOGFILE_GROUP_NAME IN (SELECT DISTINCT LOGFILE_GROUP_NAME FROM INFORMATION_SCHEMA.FILES WHERE FILE_TYPE = 'DATAFILE' AND TABLESPACE_NAME IN (SELECT DISTINCT TABLESPACE_NAME FROM INFORMATION_SCHEMA.PARTITIONS WHERE TABLE_SCHEMA='sakila' AND TABLE_NAME IN ('film_text'))) GROUP BY LOGFILE_GROUP_NAME, FILE_NAME, ENGINE, TOTAL_EXTENTS, INITIAL_SIZE ORDER BY LOGFILE_GROUP_NAME","2026-08-15T00:19:52.955332Z    70 Query SELECT LOGFILE_GROUP_NAME, FILE_NAME, TOTAL_EXTENTS, INITIAL_SIZE, ENGINE, EXTRA FROM INFORMATION_SCHEMA.FILES WHERE FILE_TYPE = 'UNDO LOG' AND FILE_NAME IS NOT NULL AND LOGFILE_GROUP_NAME IS NOT NULL AND LOGFILE_GROUP_NAME IN (SELECT DISTINCT LOGFILE_GROUP_NAME FROM INFORMATION_SCHEMA.FILES WHERE FILE_TYPE = 'DATAFILE' AND TABLESPACE_NAME IN (SELECT DISTINCT TABLESPACE_NAME FROM INFORMATION_SCHEMA.PARTITIONS WHERE TABLE_SCHEMA='sakila' AND TABLE_NAME IN ('film_text'))) GROUP BY LOGFILE_GROUP_NAME, FILE_NAME, ENGINE, TOTAL_EXTENTS, INITIAL_SIZE ORDER BY LOGFILE_GROUP_NAME"
"Aug 14, 2026 6:19:53 PM",corp-na01-bp123na,Query," SELECT DISTINCT TABLESPACE_NAME, FILE_NAME, LOGFILE_GROUP_NAME, EXTENT_SIZE, INITIAL_SIZE, ENGINE FROM INFORMATION_SCHEMA.FILES WHERE FILE_TYPE = 'DATAFILE' AND TABLESPACE_NAME IN (SELECT DISTINCT TABLESPACE_NAME FROM INFORMATION_SCHEMA.PARTITIONS WHERE TABLE_SCHEMA='sakila' AND TABLE_NAME IN ('film_text')) ORDER BY TABLESPACE_NAME, LOGFILE_GROUP_NAME","2026-08-15T00:19:53.050357Z    70 Query SELECT DISTINCT TABLESPACE_NAME, FILE_NAME, LOGFILE_GROUP_NAME, EXTENT_SIZE, INITIAL_SIZE, ENGINE FROM INFORMATION_SCHEMA.FILES WHERE FILE_TYPE = 'DATAFILE' AND TABLESPACE_NAME IN (SELECT DISTINCT TABLESPACE_NAME FROM INFORMATION_SCHEMA.PARTITIONS WHERE TABLE_SCHEMA='sakila' AND TABLE_NAME IN ('film_text')) ORDER BY TABLESPACE_NAME, LOGFILE_GROUP_NAME"
"Aug 14, 2026 6:19:53 PM",corp-na01-bp123na,Query, set optimizer_switch=default,2026-08-15T00:19:53.143783Z    70 Query set optimizer_switch=default
"Aug 14, 2026 6:19:53 PM",corp-na01-bp123na,Query, SELECT table_name FROM INFORMATION_SCHEMA.TABLES WHERE table_schema = DATABASE() AND table_name = 'film_text',2026-08-15T00:19:53.425963Z    70 Query SELECT table_name FROM INFORMATION_SCHEMA.TABLES WHERE table_schema = DATABASE() AND table_name = 'film_text'
"Aug 14, 2026 6:19:53 PM",corp-na01-bp123na,Query," select column_name, extra, generation_expression, data_type from information_schema.columns where table_schema=database() and table_name='film_text' order by ordinal_position","2026-08-15T00:19:53.799515Z    70 Query select column_name, extra, generation_expression, data_type from information_schema.columns where table_schema=database() and table_name='film_text' order by ordinal_position"
"Aug 14, 2026 6:19:53 PM",corp-na01-bp123na,Query," SELECT engine, table_type FROM INFORMATION_SCHEMA.TABLES WHERE table_schema = DATABASE() AND table_name = 'film_text'","2026-08-15T00:19:53.612871Z    70 Query SELECT engine, table_type FROM INFORMATION_SCHEMA.TABLES WHERE table_schema = DATABASE() AND table_name = 'film_text'"
"Aug 14, 2026 6:19:52 PM",corp-na01-bp123na,Query, /*M!100100 SET @@MAX_STATEMENT_TIME=0.000000 */,2026-08-15T00:19:52.676088Z    70 Query /*M!100100 SET @@MAX_STATEMENT_TIME=0.000000 */
"Aug 14, 2026 6:19:52 PM",corp-na01-bp123na,Query, /*M!100100 SET WAIT_TIMEOUT=DEFAULT */,2026-08-15T00:19:52.768941Z    70 Query /*M!100100 SET WAIT_TIMEOUT=DEFAULT */
"Aug 14, 2026 6:19:52 PM",corp-na01-bp123na,Query, SELECT * FROM film_list LIMIT 10,2026-08-15T00:19:51.897269Z    69 Query SELECT * FROM film_list LIMIT 10
"Aug 14, 2026 6:19:52 PM",corp-na01-bp123na,Query, /*!40100 SET @@SQL_MODE='' */,2026-08-15T00:19:52.583356Z    70 Query /*!40100 SET @@SQL_MODE='' */
"Aug 14, 2026 6:19:52 PM",corp-na01-bp123na,Query, set optimizer_switch='semijoin=off',2026-08-15T00:19:52.862701Z    70 Query set optimizer_switch='semijoin=off'
"Aug 14, 2026 6:19:51 PM",corp-na01-bp123na,Query," select column_name, extra, generation_expression, data_type from information_schema.columns where table_schema=database() and table_name='film_list' order by ordinal_position","2026-08-15T00:19:51.235240Z    68 Query select column_name, extra, generation_expression, data_type from information_schema.columns where table_schema=database() and table_name='film_list' order by ordinal_position"
"Aug 14, 2026 6:19:51 PM",corp-na01-bp123na,Query," SELECT engine, table_type FROM INFORMATION_SCHEMA.TABLES WHERE table_schema = DATABASE() AND table_name = 'film_list'","2026-08-15T00:19:51.049078Z    68 Query SELECT engine, table_type FROM INFORMATION_SCHEMA.TABLES WHERE table_schema = DATABASE() AND table_name = 'film_list'"
"Aug 14, 2026 6:19:51 PM",corp-na01-bp123na,Query," SELECT engine, table_type FROM INFORMATION_SCHEMA.TABLES WHERE table_schema = DATABASE() AND table_name = 'film_list'","2026-08-15T00:19:50.955703Z    68 Query SELECT engine, table_type FROM INFORMATION_SCHEMA.TABLES WHERE table_schema = DATABASE() AND table_name = 'film_list'"
"Aug 14, 2026 6:19:51 PM",corp-na01-bp123na,Query, SET SQL_QUOTE_SHOW_CREATE=1,2026-08-15T00:19:51.142476Z    68 Query SET SQL_QUOTE_SHOW_CREATE=1
"Aug 14, 2026 6:19:50 PM",corp-na01-bp123na,Query, set optimizer_switch=default,2026-08-15T00:19:50.582246Z    68 Query set optimizer_switch=default
"Aug 14, 2026 6:19:50 PM",corp-na01-bp123na,Query, /*M!100100 SET WAIT_TIMEOUT=DEFAULT */,2026-08-15T00:19:50.207754Z    68 Query /*M!100100 SET WAIT_TIMEOUT=DEFAULT */
"Aug 14, 2026 6:19:50 PM",corp-na01-bp123na,Query," SELECT LOGFILE_GROUP_NAME, FILE_NAME, TOTAL_EXTENTS, INITIAL_SIZE, ENGINE, EXTRA FROM INFORMATION_SCHEMA.FILES WHERE FILE_TYPE = 'UNDO LOG' AND FILE_NAME IS NOT NULL AND LOGFILE_GROUP_NAME IS NOT NULL AND LOGFILE_GROUP_NAME IN (SELECT DISTINCT LOGFILE_GROUP_NAME FROM INFORMATION_SCHEMA.FILES WHERE FILE_TYPE = 'DATAFILE' AND TABLESPACE_NAME IN (SELECT DISTINCT TABLESPACE_NAME FROM INFORMATION_SCHEMA.PARTITIONS WHERE TABLE_SCHEMA='sakila' AND TABLE_NAME IN ('film_list'))) GROUP BY LOGFILE_GROUP_NAME, FILE_NAME, ENGINE, TOTAL_EXTENTS, INITIAL_SIZE ORDER BY LOGFILE_GROUP_NAME","2026-08-15T00:19:50.393416Z    68 Query SELECT LOGFILE_GROUP_NAME, FILE_NAME, TOTAL_EXTENTS, INITIAL_SIZE, ENGINE, EXTRA FROM INFORMATION_SCHEMA.FILES WHERE FILE_TYPE = 'UNDO LOG' AND FILE_NAME IS NOT NULL AND LOGFILE_GROUP_NAME IS NOT NULL AND LOGFILE_GROUP_NAME IN (SELECT DISTINCT LOGFILE_GROUP_NAME FROM INFORMATION_SCHEMA.FILES WHERE FILE_TYPE = 'DATAFILE' AND TABLESPACE_NAME IN (SELECT DISTINCT TABLESPACE_NAME FROM INFORMATION_SCHEMA.PARTITIONS WHERE TABLE_SCHEMA='sakila' AND TABLE_NAME IN ('film_list'))) GROUP BY LOGFILE_GROUP_NAME, FILE_NAME, ENGINE, TOTAL_EXTENTS, INITIAL_SIZE ORDER BY LOGFILE_GROUP_NAME"
"Aug 14, 2026 6:19:50 PM",corp-na01-bp123na,Query, SELECT table_name FROM INFORMATION_SCHEMA.TABLES WHERE table_schema = DATABASE() AND table_name = 'film_list',2026-08-15T00:19:50.862259Z    68 Query SELECT table_name FROM INFORMATION_SCHEMA.TABLES WHERE table_schema = DATABASE() AND table_name = 'film_list'
"Aug 14, 2026 6:19:50 PM",corp-na01-bp123na,Query," SELECT DISTINCT TABLESPACE_NAME, FILE_NAME, LOGFILE_GROUP_NAME, EXTENT_SIZE, INITIAL_SIZE, ENGINE FROM INFORMATION_SCHEMA.FILES WHERE FILE_TYPE = 'DATAFILE' AND TABLESPACE_NAME IN (SELECT DISTINCT TABLESPACE_NAME FROM INFORMATION_SCHEMA.PARTITIONS WHERE TABLE_SCHEMA='sakila' AND TABLE_NAME IN ('film_list')) ORDER BY TABLESPACE_NAME, LOGFILE_GROUP_NAME","2026-08-15T00:19:50.488491Z    68 Query SELECT DISTINCT TABLESPACE_NAME, FILE_NAME, LOGFILE_GROUP_NAME, EXTENT_SIZE, INITIAL_SIZE, ENGINE FROM INFORMATION_SCHEMA.FILES WHERE FILE_TYPE = 'DATAFILE' AND TABLESPACE_NAME IN (SELECT DISTINCT TABLESPACE_NAME FROM INFORMATION_SCHEMA.PARTITIONS WHERE TABLE_SCHEMA='sakila' AND TABLE_NAME IN ('film_list')) ORDER BY TABLESPACE_NAME, LOGFILE_GROUP_NAME"
"Aug 14, 2026 6:19:50 PM",corp-na01-bp123na,Query, SHOW VARIABLES LIKE 'lower_case_table_names',2026-08-15T00:19:50.768015Z    68 Query SHOW VARIABLES LIKE 'lower_case_table_names'
"Aug 14, 2026 6:19:50 PM",corp-na01-bp123na,Query, set optimizer_switch='semijoin=off',2026-08-15T00:19:50.300539Z    68 Query set optimizer_switch='semijoin=off'
"Aug 14, 2026 6:19:50 PM",corp-na01-bp123na,Query, /*!40100 SET @@SQL_MODE='' */,2026-08-15T00:19:50.021649Z    68 Query /*!40100 SET @@SQL_MODE='' */
"Aug 14, 2026 6:19:50 PM",corp-na01-bp123na,Query, /*M!100100 SET @@MAX_STATEMENT_TIME=0.000000 */,2026-08-15T00:19:50.114796Z    68 Query /*M!100100 SET @@MAX_STATEMENT_TIME=0.000000 */
"Aug 14, 2026 6:19:49 PM",corp-na01-bp123na,Query, SELECT * FROM film_category LIMIT 10,2026-08-15T00:19:49.294296Z    67 Query SELECT * FROM film_category LIMIT 10
"Aug 14, 2026 6:19:48 PM",corp-na01-bp123na,Query," SELECT DISTINCT TABLESPACE_NAME, FILE_NAME, LOGFILE_GROUP_NAME, EXTENT_SIZE, INITIAL_SIZE, ENGINE FROM INFORMATION_SCHEMA.FILES WHERE FILE_TYPE = 'DATAFILE' AND TABLESPACE_NAME IN (SELECT DISTINCT TABLESPACE_NAME FROM INFORMATION_SCHEMA.PARTITIONS WHERE TABLE_SCHEMA='sakila' AND TABLE_NAME IN ('film_category')) ORDER BY TABLESPACE_NAME, LOGFILE_GROUP_NAME","2026-08-15T00:19:47.778792Z    66 Query SELECT DISTINCT TABLESPACE_NAME, FILE_NAME, LOGFILE_GROUP_NAME, EXTENT_SIZE, INITIAL_SIZE, ENGINE FROM INFORMATION_SCHEMA.FILES WHERE FILE_TYPE = 'DATAFILE' AND TABLESPACE_NAME IN (SELECT DISTINCT TABLESPACE_NAME FROM INFORMATION_SCHEMA.PARTITIONS WHERE TABLE_SCHEMA='sakila' AND TABLE_NAME IN ('film_category')) ORDER BY TABLESPACE_NAME, LOGFILE_GROUP_NAME"
"Aug 14, 2026 6:19:48 PM",corp-na01-bp123na,Query," SELECT engine, table_type FROM INFORMATION_SCHEMA.TABLES WHERE table_schema = DATABASE() AND table_name = 'film_category'","2026-08-15T00:19:48.318827Z    66 Query SELECT engine, table_type FROM INFORMATION_SCHEMA.TABLES WHERE table_schema = DATABASE() AND table_name = 'film_category'"
"Aug 14, 2026 6:19:48 PM",corp-na01-bp123na,Query," SELECT engine, table_type FROM INFORMATION_SCHEMA.TABLES WHERE table_schema = DATABASE() AND table_name = 'film_category'","2026-08-15T00:19:48.228819Z    66 Query SELECT engine, table_type FROM INFORMATION_SCHEMA.TABLES WHERE table_schema = DATABASE() AND table_name = 'film_category'"
"Aug 14, 2026 6:19:48 PM",corp-na01-bp123na,Query, SELECT table_name FROM INFORMATION_SCHEMA.TABLES WHERE table_schema = DATABASE() AND table_name = 'film_category',2026-08-15T00:19:48.138883Z    66 Query SELECT table_name FROM INFORMATION_SCHEMA.TABLES WHERE table_schema = DATABASE() AND table_name = 'film_category'
"Aug 14, 2026 6:19:48 PM",corp-na01-bp123na,Query, set optimizer_switch=default,2026-08-15T00:19:47.868934Z    66 Query set optimizer_switch=default
"Aug 14, 2026 6:19:48 PM",corp-na01-bp123na,Query," SELECT /*!40001 SQL_NO_CACHE */ `film_id`, `category_id`, `last_update` FROM `film_category` WHERE 1 LIMIT 10","2026-08-15T00:19:48.588786Z    66 Query SELECT /*!40001 SQL_NO_CACHE */ `film_id`, `category_id`, `last_update` FROM `film_category` WHERE 1 LIMIT 10"
"Aug 14, 2026 6:19:48 PM",corp-na01-bp123na,Query, SET SQL_QUOTE_SHOW_CREATE=1,2026-08-15T00:19:48.408826Z    66 Query SET SQL_QUOTE_SHOW_CREATE=1
"Aug 14, 2026 6:19:48 PM",corp-na01-bp123na,Query," select column_name, extra, generation_expression, data_type from information_schema.columns where table_schema=database() and table_name='film_category' order by ordinal_position","2026-08-15T00:19:48.498657Z    66 Query select column_name, extra, generation_expression, data_type from information_schema.columns where table_schema=database() and table_name='film_category' order by ordinal_position"
"Aug 14, 2026 6:19:48 PM",corp-na01-bp123na,Query, SHOW VARIABLES LIKE 'lower_case_table_names',2026-08-15T00:19:48.048134Z    66 Query SHOW VARIABLES LIKE 'lower_case_table_names'
"Aug 14, 2026 6:19:47 PM",corp-na01-bp123na,Query," SELECT LOGFILE_GROUP_NAME, FILE_NAME, TOTAL_EXTENTS, INITIAL_SIZE, ENGINE, EXTRA FROM INFORMATION_SCHEMA.FILES WHERE FILE_TYPE = 'UNDO LOG' AND FILE_NAME IS NOT NULL AND LOGFILE_GROUP_NAME IS NOT NULL AND LOGFILE_GROUP_NAME IN (SELECT DISTINCT LOGFILE_GROUP_NAME FROM INFORMATION_SCHEMA.FILES WHERE FILE_TYPE = 'DATAFILE' AND TABLESPACE_NAME IN (SELECT DISTINCT TABLESPACE_NAME FROM INFORMATION_SCHEMA.PARTITIONS WHERE TABLE_SCHEMA='sakila' AND TABLE_NAME IN ('film_category'))) GROUP BY LOGFILE_GROUP_NAME, FILE_NAME, ENGINE, TOTAL_EXTENTS, INITIAL_SIZE ORDER BY LOGFILE_GROUP_NAME","2026-08-15T00:19:47.686830Z    66 Query SELECT LOGFILE_GROUP_NAME, FILE_NAME, TOTAL_EXTENTS, INITIAL_SIZE, ENGINE, EXTRA FROM INFORMATION_SCHEMA.FILES WHERE FILE_TYPE = 'UNDO LOG' AND FILE_NAME IS NOT NULL AND LOGFILE_GROUP_NAME IS NOT NULL AND LOGFILE_GROUP_NAME IN (SELECT DISTINCT LOGFILE_GROUP_NAME FROM INFORMATION_SCHEMA.FILES WHERE FILE_TYPE = 'DATAFILE' AND TABLESPACE_NAME IN (SELECT DISTINCT TABLESPACE_NAME FROM INFORMATION_SCHEMA.PARTITIONS WHERE TABLE_SCHEMA='sakila' AND TABLE_NAME IN ('film_category'))) GROUP BY LOGFILE_GROUP_NAME, FILE_NAME, ENGINE, TOTAL_EXTENTS, INITIAL_SIZE ORDER BY LOGFILE_GROUP_NAME"
"Aug 14, 2026 6:19:47 PM",corp-na01-bp123na,Query, /*M!100100 SET @@MAX_STATEMENT_TIME=0.000000 */,2026-08-15T00:19:47.418892Z    66 Query /*M!100100 SET @@MAX_STATEMENT_TIME=0.000000 */
"Aug 14, 2026 6:19:47 PM",corp-na01-bp123na,Query, set optimizer_switch='semijoin=off',2026-08-15T00:19:47.597359Z    66 Query set optimizer_switch='semijoin=off'
"Aug 14, 2026 6:19:47 PM",corp-na01-bp123na,Query, /*!40100 SET @@SQL_MODE='' */,2026-08-15T00:19:47.329471Z    66 Query /*!40100 SET @@SQL_MODE='' */
"Aug 14, 2026 6:19:47 PM",corp-na01-bp123na,Query, /*M!100100 SET WAIT_TIMEOUT=DEFAULT */,2026-08-15T00:19:47.508055Z    66 Query /*M!100100 SET WAIT_TIMEOUT=DEFAULT */
"Aug 14, 2026 6:19:46 PM",corp-na01-bp123na,Query, SELECT * FROM film_actor LIMIT 10,2026-08-15T00:19:46.584543Z    65 Query SELECT * FROM film_actor LIMIT 10
"Aug 14, 2026 6:19:46 PM",corp-na01-bp123na,Query," SELECT /*!40001 SQL_NO_CACHE */ `actor_id`, `film_id`, `last_update` FROM `film_actor` WHERE 1 LIMIT 10","2026-08-15T00:19:45.882843Z    64 Query SELECT /*!40001 SQL_NO_CACHE */ `actor_id`, `film_id`, `last_update` FROM `film_actor` WHERE 1 LIMIT 10"
"Aug 14, 2026 6:19:45 PM",corp-na01-bp123na,Query, SET SQL_QUOTE_SHOW_CREATE=1,2026-08-15T00:19:45.692952Z    64 Query SET SQL_QUOTE_SHOW_CREATE=1
"Aug 14, 2026 6:19:45 PM",corp-na01-bp123na,Query," select column_name, extra, generation_expression, data_type from information_schema.columns where table_schema=database() and table_name='film_actor' order by ordinal_position","2026-08-15T00:19:45.785949Z    64 Query select column_name, extra, generation_expression, data_type from information_schema.columns where table_schema=database() and table_name='film_actor' order by ordinal_position"
"Aug 14, 2026 6:19:45 PM",corp-na01-bp123na,Query, SHOW VARIABLES LIKE 'lower_case_table_names',2026-08-15T00:19:45.317043Z    64 Query SHOW VARIABLES LIKE 'lower_case_table_names'
"Aug 14, 2026 6:19:45 PM",corp-na01-bp123na,Query, set optimizer_switch=default,2026-08-15T00:19:45.129791Z    64 Query set optimizer_switch=default
"Aug 14, 2026 6:19:45 PM",corp-na01-bp123na,Query," SELECT LOGFILE_GROUP_NAME, FILE_NAME, TOTAL_EXTENTS, INITIAL_SIZE, ENGINE, EXTRA FROM INFORMATION_SCHEMA.FILES WHERE FILE_TYPE = 'UNDO LOG' AND FILE_NAME IS NOT NULL AND LOGFILE_GROUP_NAME IS NOT NULL AND LOGFILE_GROUP_NAME IN (SELECT DISTINCT LOGFILE_GROUP_NAME FROM INFORMATION_SCHEMA.FILES WHERE FILE_TYPE = 'DATAFILE' AND TABLESPACE_NAME IN (SELECT DISTINCT TABLESPACE_NAME FROM INFORMATION_SCHEMA.PARTITIONS WHERE TABLE_SCHEMA='sakila' AND TABLE_NAME IN ('film_actor'))) GROUP BY LOGFILE_GROUP_NAME, FILE_NAME, ENGINE, TOTAL_EXTENTS, INITIAL_SIZE ORDER BY LOGFILE_GROUP_NAME","2026-08-15T00:19:44.940706Z    64 Query SELECT LOGFILE_GROUP_NAME, FILE_NAME, TOTAL_EXTENTS, INITIAL_SIZE, ENGINE, EXTRA FROM INFORMATION_SCHEMA.FILES WHERE FILE_TYPE = 'UNDO LOG' AND FILE_NAME IS NOT NULL AND LOGFILE_GROUP_NAME IS NOT NULL AND LOGFILE_GROUP_NAME IN (SELECT DISTINCT LOGFILE_GROUP_NAME FROM INFORMATION_SCHEMA.FILES WHERE FILE_TYPE = 'DATAFILE' AND TABLESPACE_NAME IN (SELECT DISTINCT TABLESPACE_NAME FROM INFORMATION_SCHEMA.PARTITIONS WHERE TABLE_SCHEMA='sakila' AND TABLE_NAME IN ('film_actor'))) GROUP BY LOGFILE_GROUP_NAME, FILE_NAME, ENGINE, TOTAL_EXTENTS, INITIAL_SIZE ORDER BY LOGFILE_GROUP_NAME"
"Aug 14, 2026 6:19:45 PM",corp-na01-bp123na,Query, SELECT table_name FROM INFORMATION_SCHEMA.TABLES WHERE table_schema = DATABASE() AND table_name = 'film_actor',2026-08-15T00:19:45.412789Z    64 Query SELECT table_name FROM INFORMATION_SCHEMA.TABLES WHERE table_schema = DATABASE() AND table_name = 'film_actor'
"Aug 14, 2026 6:19:45 PM",corp-na01-bp123na,Query," SELECT engine, table_type FROM INFORMATION_SCHEMA.TABLES WHERE table_schema = DATABASE() AND table_name = 'film_actor'","2026-08-15T00:19:45.506200Z    64 Query SELECT engine, table_type FROM INFORMATION_SCHEMA.TABLES WHERE table_schema = DATABASE() AND table_name = 'film_actor'"
"Aug 14, 2026 6:19:45 PM",corp-na01-bp123na,Query," SELECT DISTINCT TABLESPACE_NAME, FILE_NAME, LOGFILE_GROUP_NAME, EXTENT_SIZE, INITIAL_SIZE, ENGINE FROM INFORMATION_SCHEMA.FILES WHERE FILE_TYPE = 'DATAFILE' AND TABLESPACE_NAME IN (SELECT DISTINCT TABLESPACE_NAME FROM INFORMATION_SCHEMA.PARTITIONS WHERE TABLE_SCHEMA='sakila' AND TABLE_NAME IN ('film_actor')) ORDER BY TABLESPACE_NAME, LOGFILE_GROUP_NAME","2026-08-15T00:19:45.036005Z    64 Query SELECT DISTINCT TABLESPACE_NAME, FILE_NAME, LOGFILE_GROUP_NAME, EXTENT_SIZE, INITIAL_SIZE, ENGINE FROM INFORMATION_SCHEMA.FILES WHERE FILE_TYPE = 'DATAFILE' AND TABLESPACE_NAME IN (SELECT DISTINCT TABLESPACE_NAME FROM INFORMATION_SCHEMA.PARTITIONS WHERE TABLE_SCHEMA='sakila' AND TABLE_NAME IN ('film_actor')) ORDER BY TABLESPACE_NAME, LOGFILE_GROUP_NAME"
"Aug 14, 2026 6:19:45 PM",corp-na01-bp123na,Query," SELECT engine, table_type FROM INFORMATION_SCHEMA.TABLES WHERE table_schema = DATABASE() AND table_name = 'film_actor'","2026-08-15T00:19:45.599685Z    64 Query SELECT engine, table_type FROM INFORMATION_SCHEMA.TABLES WHERE table_schema = DATABASE() AND table_name = 'film_actor'"
"Aug 14, 2026 6:19:44 PM",corp-na01-bp123na,Query, /*M!100100 SET WAIT_TIMEOUT=DEFAULT */,2026-08-15T00:19:44.750593Z    64 Query /*M!100100 SET WAIT_TIMEOUT=DEFAULT */
"Aug 14, 2026 6:19:44 PM",corp-na01-bp123na,Query, set optimizer_switch='semijoin=off',2026-08-15T00:19:44.846868Z    64 Query set optimizer_switch='semijoin=off'
"Aug 14, 2026 6:19:44 PM",corp-na01-bp123na,Query, /*M!100100 SET @@MAX_STATEMENT_TIME=0.000000 */,2026-08-15T00:19:44.657738Z    64 Query /*M!100100 SET @@MAX_STATEMENT_TIME=0.000000 */
"Aug 14, 2026 6:19:44 PM",corp-na01-bp123na,Query, /*!40100 SET @@SQL_MODE='' */,2026-08-15T00:19:44.564980Z    64 Query /*!40100 SET @@SQL_MODE='' */
"Aug 14, 2026 6:19:43 PM",corp-na01-bp123na,Query, SELECT * FROM film LIMIT 10,2026-08-15T00:19:43.835464Z    63 Query SELECT * FROM film LIMIT 10
"Aug 14, 2026 6:19:43 PM",corp-na01-bp123na,Query," SELECT /*!40001 SQL_NO_CACHE */ `film_id`, `title`, `description`, `release_year`, `language_id`, `original_language_id`, `rental_duration`, `rental_rate`, `length`, `replacement_cost`, `rating`, `special_features`, `last_update` FROM `film` WHERE 1 LIMIT 10","2026-08-15T00:19:43.201986Z    62 Query SELECT /*!40001 SQL_NO_CACHE */ `film_id`, `title`, `description`, `release_year`, `language_id`, `original_language_id`, `rental_duration`, `rental_rate`, `length`, `replacement_cost`, `rating`, `special_features`, `last_update` FROM `film` WHERE 1 LIMIT 10"
"Aug 14, 2026 6:19:43 PM",corp-na01-bp123na,Query, SET SQL_QUOTE_SHOW_CREATE=1,2026-08-15T00:19:43.000329Z    62 Query SET SQL_QUOTE_SHOW_CREATE=1
"Aug 14, 2026 6:19:43 PM",corp-na01-bp123na,Query," select column_name, extra, generation_expression, data_type from information_schema.columns where table_schema=database() and table_name='film' order by ordinal_position","2026-08-15T00:19:43.103444Z    62 Query select column_name, extra, generation_expression, data_type from information_schema.columns where table_schema=database() and table_name='film' order by ordinal_position"
"Aug 14, 2026 6:19:43 PM",corp-na01-bp123na,Query," SELECT engine, table_type FROM INFORMATION_SCHEMA.TABLES WHERE table_schema = DATABASE() AND table_name = 'film'","2026-08-15T00:19:42.901832Z    62 Query SELECT engine, table_type FROM INFORMATION_SCHEMA.TABLES WHERE table_schema = DATABASE() AND table_name = 'film'"
"Aug 14, 2026 6:19:42 PM",corp-na01-bp123na,Query," SELECT engine, table_type FROM INFORMATION_SCHEMA.TABLES WHERE table_schema = DATABASE() AND table_name = 'film'","2026-08-15T00:19:42.805973Z    62 Query SELECT engine, table_type FROM INFORMATION_SCHEMA.TABLES WHERE table_schema = DATABASE() AND table_name = 'film'"
"Aug 14, 2026 6:19:42 PM",corp-na01-bp123na,Query, /*M!100100 SET @@MAX_STATEMENT_TIME=0.000000 */,2026-08-15T00:19:41.898690Z    62 Query /*M!100100 SET @@MAX_STATEMENT_TIME=0.000000 */
"Aug 14, 2026 6:19:42 PM",corp-na01-bp123na,Query, SELECT table_name FROM INFORMATION_SCHEMA.TABLES WHERE table_schema = DATABASE() AND table_name = 'film',2026-08-15T00:19:42.701987Z    62 Query SELECT table_name FROM INFORMATION_SCHEMA.TABLES WHERE table_schema = DATABASE() AND table_name = 'film'
"Aug 14, 2026 6:19:42 PM",corp-na01-bp123na,Query, set optimizer_switch='semijoin=off',2026-08-15T00:19:42.094727Z    62 Query set optimizer_switch='semijoin=off'
"Aug 14, 2026 6:19:42 PM",corp-na01-bp123na,Query," SELECT LOGFILE_GROUP_NAME, FILE_NAME, TOTAL_EXTENTS, INITIAL_SIZE, ENGINE, EXTRA FROM INFORMATION_SCHEMA.FILES WHERE FILE_TYPE = 'UNDO LOG' AND FILE_NAME IS NOT NULL AND LOGFILE_GROUP_NAME IS NOT NULL AND LOGFILE_GROUP_NAME IN (SELECT DISTINCT LOGFILE_GROUP_NAME FROM INFORMATION_SCHEMA.FILES WHERE FILE_TYPE = 'DATAFILE' AND TABLESPACE_NAME IN (SELECT DISTINCT TABLESPACE_NAME FROM INFORMATION_SCHEMA.PARTITIONS WHERE TABLE_SCHEMA='sakila' AND TABLE_NAME IN ('film'))) GROUP BY LOGFILE_GROUP_NAME, FILE_NAME, ENGINE, TOTAL_EXTENTS, INITIAL_SIZE ORDER BY LOGFILE_GROUP_NAME","2026-08-15T00:19:42.187855Z    62 Query SELECT LOGFILE_GROUP_NAME, FILE_NAME, TOTAL_EXTENTS, INITIAL_SIZE, ENGINE, EXTRA FROM INFORMATION_SCHEMA.FILES WHERE FILE_TYPE = 'UNDO LOG' AND FILE_NAME IS NOT NULL AND LOGFILE_GROUP_NAME IS NOT NULL AND LOGFILE_GROUP_NAME IN (SELECT DISTINCT LOGFILE_GROUP_NAME FROM INFORMATION_SCHEMA.FILES WHERE FILE_TYPE = 'DATAFILE' AND TABLESPACE_NAME IN (SELECT DISTINCT TABLESPACE_NAME FROM INFORMATION_SCHEMA.PARTITIONS WHERE TABLE_SCHEMA='sakila' AND TABLE_NAME IN ('film'))) GROUP BY LOGFILE_GROUP_NAME, FILE_NAME, ENGINE, TOTAL_EXTENTS, INITIAL_SIZE ORDER BY LOGFILE_GROUP_NAME"
"Aug 14, 2026 6:19:42 PM",corp-na01-bp123na,Query, SHOW VARIABLES LIKE 'lower_case_table_names',2026-08-15T00:19:42.607377Z    62 Query SHOW VARIABLES LIKE 'lower_case_table_names'
"Aug 14, 2026 6:19:42 PM",corp-na01-bp123na,Query, set optimizer_switch=default,2026-08-15T00:19:42.404791Z    62 Query set optimizer_switch=default
"Aug 14, 2026 6:19:42 PM",corp-na01-bp123na,Query," SELECT DISTINCT TABLESPACE_NAME, FILE_NAME, LOGFILE_GROUP_NAME, EXTENT_SIZE, INITIAL_SIZE, ENGINE FROM INFORMATION_SCHEMA.FILES WHERE FILE_TYPE = 'DATAFILE' AND TABLESPACE_NAME IN (SELECT DISTINCT TABLESPACE_NAME FROM INFORMATION_SCHEMA.PARTITIONS WHERE TABLE_SCHEMA='sakila' AND TABLE_NAME IN ('film')) ORDER BY TABLESPACE_NAME, LOGFILE_GROUP_NAME","2026-08-15T00:19:42.282994Z    62 Query SELECT DISTINCT TABLESPACE_NAME, FILE_NAME, LOGFILE_GROUP_NAME, EXTENT_SIZE, INITIAL_SIZE, ENGINE FROM INFORMATION_SCHEMA.FILES WHERE FILE_TYPE = 'DATAFILE' AND TABLESPACE_NAME IN (SELECT DISTINCT TABLESPACE_NAME FROM INFORMATION_SCHEMA.PARTITIONS WHERE TABLE_SCHEMA='sakila' AND TABLE_NAME IN ('film')) ORDER BY TABLESPACE_NAME, LOGFILE_GROUP_NAME"
"Aug 14, 2026 6:19:42 PM",corp-na01-bp123na,Query, /*M!100100 SET WAIT_TIMEOUT=DEFAULT */,2026-08-15T00:19:42.001975Z    62 Query /*M!100100 SET WAIT_TIMEOUT=DEFAULT */
"Aug 14, 2026 6:19:41 PM",corp-na01-bp123na,Query, /*!40100 SET @@SQL_MODE='' */,2026-08-15T00:19:41.789731Z    62 Query /*!40100 SET @@SQL_MODE='' */
"Aug 14, 2026 6:19:41 PM",corp-na01-bp123na,Query, SELECT * FROM customer_list LIMIT 10,2026-08-15T00:19:40.978218Z    61 Query SELECT * FROM customer_list LIMIT 10
"Aug 14, 2026 6:19:40 PM",corp-na01-bp123na,Query," SELECT engine, table_type FROM INFORMATION_SCHEMA.TABLES WHERE table_schema = DATABASE() AND table_name = 'customer_list'","2026-08-15T00:19:40.076247Z    60 Query SELECT engine, table_type FROM INFORMATION_SCHEMA.TABLES WHERE table_schema = DATABASE() AND table_name = 'customer_list'"
"Aug 14, 2026 6:19:40 PM",corp-na01-bp123na,Query, SHOW VARIABLES LIKE 'lower_case_table_names',2026-08-15T00:19:39.895318Z    60 Query SHOW VARIABLES LIKE 'lower_case_table_names'
"Aug 14, 2026 6:19:40 PM",corp-na01-bp123na,Query, SELECT table_name FROM INFORMATION_SCHEMA.TABLES WHERE table_schema = DATABASE() AND table_name = 'customer_list',2026-08-15T00:19:39.986160Z    60 Query SELECT table_name FROM INFORMATION_SCHEMA.TABLES WHERE table_schema = DATABASE() AND table_name = 'customer_list'
"Aug 14, 2026 6:19:40 PM",corp-na01-bp123na,Query," SELECT engine, table_type FROM INFORMATION_SCHEMA.TABLES WHERE table_schema = DATABASE() AND table_name = 'customer_list'","2026-08-15T00:19:40.166425Z    60 Query SELECT engine, table_type FROM INFORMATION_SCHEMA.TABLES WHERE table_schema = DATABASE() AND table_name = 'customer_list'"
"Aug 14, 2026 6:19:40 PM",corp-na01-bp123na,Query, SET SQL_QUOTE_SHOW_CREATE=1,2026-08-15T00:19:40.256382Z    60 Query SET SQL_QUOTE_SHOW_CREATE=1
"Aug 14, 2026 6:19:40 PM",corp-na01-bp123na,Query," select column_name, extra, generation_expression, data_type from information_schema.columns where table_schema=database() and table_name='customer_list' order by ordinal_position","2026-08-15T00:19:40.346816Z    60 Query select column_name, extra, generation_expression, data_type from information_schema.columns where table_schema=database() and table_name='customer_list' order by ordinal_position"
"Aug 14, 2026 6:19:39 PM",corp-na01-bp123na,Query," SELECT DISTINCT TABLESPACE_NAME, FILE_NAME, LOGFILE_GROUP_NAME, EXTENT_SIZE, INITIAL_SIZE, ENGINE FROM INFORMATION_SCHEMA.FILES WHERE FILE_TYPE = 'DATAFILE' AND TABLESPACE_NAME IN (SELECT DISTINCT TABLESPACE_NAME FROM INFORMATION_SCHEMA.PARTITIONS WHERE TABLE_SCHEMA='sakila' AND TABLE_NAME IN ('customer_list')) ORDER BY TABLESPACE_NAME, LOGFILE_GROUP_NAME","2026-08-15T00:19:39.626696Z    60 Query SELECT DISTINCT TABLESPACE_NAME, FILE_NAME, LOGFILE_GROUP_NAME, EXTENT_SIZE, INITIAL_SIZE, ENGINE FROM INFORMATION_SCHEMA.FILES WHERE FILE_TYPE = 'DATAFILE' AND TABLESPACE_NAME IN (SELECT DISTINCT TABLESPACE_NAME FROM INFORMATION_SCHEMA.PARTITIONS WHERE TABLE_SCHEMA='sakila' AND TABLE_NAME IN ('customer_list')) ORDER BY TABLESPACE_NAME, LOGFILE_GROUP_NAME"
"Aug 14, 2026 6:19:39 PM",corp-na01-bp123na,Query, /*M!100100 SET WAIT_TIMEOUT=DEFAULT */,2026-08-15T00:19:39.355613Z    60 Query /*M!100100 SET WAIT_TIMEOUT=DEFAULT */
"Aug 14, 2026 6:19:39 PM",corp-na01-bp123na,Query, set optimizer_switch='semijoin=off',2026-08-15T00:19:39.444903Z    60 Query set optimizer_switch='semijoin=off'
"Aug 14, 2026 6:19:39 PM",corp-na01-bp123na,Query, set optimizer_switch=default,2026-08-15T00:19:39.716960Z    60 Query set optimizer_switch=default
"Aug 14, 2026 6:19:39 PM",corp-na01-bp123na,Query," SELECT LOGFILE_GROUP_NAME, FILE_NAME, TOTAL_EXTENTS, INITIAL_SIZE, ENGINE, EXTRA FROM INFORMATION_SCHEMA.FILES WHERE FILE_TYPE = 'UNDO LOG' AND FILE_NAME IS NOT NULL AND LOGFILE_GROUP_NAME IS NOT NULL AND LOGFILE_GROUP_NAME IN (SELECT DISTINCT LOGFILE_GROUP_NAME FROM INFORMATION_SCHEMA.FILES WHERE FILE_TYPE = 'DATAFILE' AND TABLESPACE_NAME IN (SELECT DISTINCT TABLESPACE_NAME FROM INFORMATION_SCHEMA.PARTITIONS WHERE TABLE_SCHEMA='sakila' AND TABLE_NAME IN ('customer_list'))) GROUP BY LOGFILE_GROUP_NAME, FILE_NAME, ENGINE, TOTAL_EXTENTS, INITIAL_SIZE ORDER BY LOGFILE_GROUP_NAME","2026-08-15T00:19:39.534250Z    60 Query SELECT LOGFILE_GROUP_NAME, FILE_NAME, TOTAL_EXTENTS, INITIAL_SIZE, ENGINE, EXTRA FROM INFORMATION_SCHEMA.FILES WHERE FILE_TYPE = 'UNDO LOG' AND FILE_NAME IS NOT NULL AND LOGFILE_GROUP_NAME IS NOT NULL AND LOGFILE_GROUP_NAME IN (SELECT DISTINCT LOGFILE_GROUP_NAME FROM INFORMATION_SCHEMA.FILES WHERE FILE_TYPE = 'DATAFILE' AND TABLESPACE_NAME IN (SELECT DISTINCT TABLESPACE_NAME FROM INFORMATION_SCHEMA.PARTITIONS WHERE TABLE_SCHEMA='sakila' AND TABLE_NAME IN ('customer_list'))) GROUP BY LOGFILE_GROUP_NAME, FILE_NAME, ENGINE, TOTAL_EXTENTS, INITIAL_SIZE ORDER BY LOGFILE_GROUP_NAME"
"Aug 14, 2026 6:19:39 PM",corp-na01-bp123na,Query, /*M!100100 SET @@MAX_STATEMENT_TIME=0.000000 */,2026-08-15T00:19:39.266323Z    60 Query /*M!100100 SET @@MAX_STATEMENT_TIME=0.000000 */
"Aug 14, 2026 6:19:39 PM",corp-na01-bp123na,Query, /*!40100 SET @@SQL_MODE='' */,2026-08-15T00:19:39.176705Z    60 Query /*!40100 SET @@SQL_MODE='' */
"Aug 14, 2026 6:19:38 PM",corp-na01-bp123na,Query, SELECT * FROM customer LIMIT 10,2026-08-15T00:19:38.474314Z    59 Query SELECT * FROM customer LIMIT 10
"Aug 14, 2026 6:19:37 PM",corp-na01-bp123na,Query," SELECT /*!40001 SQL_NO_CACHE */ `customer_id`, `store_id`, `first_name`, `last_name`, `email`, `address_id`, `active`, `create_date`, `last_update` FROM `customer` WHERE 1 LIMIT 10","2026-08-15T00:19:37.725191Z    58 Query SELECT /*!40001 SQL_NO_CACHE */ `customer_id`, `store_id`, `first_name`, `last_name`, `email`, `address_id`, `active`, `create_date`, `last_update` FROM `customer` WHERE 1 LIMIT 10"
"Aug 14, 2026 6:19:37 PM",corp-na01-bp123na,Query," SELECT engine, table_type FROM INFORMATION_SCHEMA.TABLES WHERE table_schema = DATABASE() AND table_name = 'customer'","2026-08-15T00:19:37.443849Z    58 Query SELECT engine, table_type FROM INFORMATION_SCHEMA.TABLES WHERE table_schema = DATABASE() AND table_name = 'customer'"
"Aug 14, 2026 6:19:37 PM",corp-na01-bp123na,Query," SELECT engine, table_type FROM INFORMATION_SCHEMA.TABLES WHERE table_schema = DATABASE() AND table_name = 'customer'","2026-08-15T00:19:37.348612Z    58 Query SELECT engine, table_type FROM INFORMATION_SCHEMA.TABLES WHERE table_schema = DATABASE() AND table_name = 'customer'"
"Aug 14, 2026 6:19:37 PM",corp-na01-bp123na,Query, SHOW VARIABLES LIKE 'lower_case_table_names',2026-08-15T00:19:37.160469Z    58 Query SHOW VARIABLES LIKE 'lower_case_table_names'
"Aug 14, 2026 6:19:37 PM",corp-na01-bp123na,Query," SELECT DISTINCT TABLESPACE_NAME, FILE_NAME, LOGFILE_GROUP_NAME, EXTENT_SIZE, INITIAL_SIZE, ENGINE FROM INFORMATION_SCHEMA.FILES WHERE FILE_TYPE = 'DATAFILE' AND TABLESPACE_NAME IN (SELECT DISTINCT TABLESPACE_NAME FROM INFORMATION_SCHEMA.PARTITIONS WHERE TABLE_SCHEMA='sakila' AND TABLE_NAME IN ('customer')) ORDER BY TABLESPACE_NAME, LOGFILE_GROUP_NAME","2026-08-15T00:19:36.880631Z    58 Query SELECT DISTINCT TABLESPACE_NAME, FILE_NAME, LOGFILE_GROUP_NAME, EXTENT_SIZE, INITIAL_SIZE, ENGINE FROM INFORMATION_SCHEMA.FILES WHERE FILE_TYPE = 'DATAFILE' AND TABLESPACE_NAME IN (SELECT DISTINCT TABLESPACE_NAME FROM INFORMATION_SCHEMA.PARTITIONS WHERE TABLE_SCHEMA='sakila' AND TABLE_NAME IN ('customer')) ORDER BY TABLESPACE_NAME, LOGFILE_GROUP_NAME"
"Aug 14, 2026 6:19:37 PM",corp-na01-bp123na,Query, set optimizer_switch=default,2026-08-15T00:19:36.974638Z    58 Query set optimizer_switch=default
"Aug 14, 2026 6:19:37 PM",corp-na01-bp123na,Query, SELECT table_name FROM INFORMATION_SCHEMA.TABLES WHERE table_schema = DATABASE() AND table_name = 'customer',2026-08-15T00:19:37.254740Z    58 Query SELECT table_name FROM INFORMATION_SCHEMA.TABLES WHERE table_schema = DATABASE() AND table_name = 'customer'
"Aug 14, 2026 6:19:37 PM",corp-na01-bp123na,Query," select column_name, extra, generation_expression, data_type from information_schema.columns where table_schema=database() and table_name='customer' order by ordinal_position","2026-08-15T00:19:37.631279Z    58 Query select column_name, extra, generation_expression, data_type from information_schema.columns where table_schema=database() and table_name='customer' order by ordinal_position"
"Aug 14, 2026 6:19:37 PM",corp-na01-bp123na,Query, SET SQL_QUOTE_SHOW_CREATE=1,2026-08-15T00:19:37.538510Z    58 Query SET SQL_QUOTE_SHOW_CREATE=1
"Aug 14, 2026 6:19:36 PM",corp-na01-bp123na,Query," SELECT LOGFILE_GROUP_NAME, FILE_NAME, TOTAL_EXTENTS, INITIAL_SIZE, ENGINE, EXTRA FROM INFORMATION_SCHEMA.FILES WHERE FILE_TYPE = 'UNDO LOG' AND FILE_NAME IS NOT NULL AND LOGFILE_GROUP_NAME IS NOT NULL AND LOGFILE_GROUP_NAME IN (SELECT DISTINCT LOGFILE_GROUP_NAME FROM INFORMATION_SCHEMA.FILES WHERE FILE_TYPE = 'DATAFILE' AND TABLESPACE_NAME IN (SELECT DISTINCT TABLESPACE_NAME FROM INFORMATION_SCHEMA.PARTITIONS WHERE TABLE_SCHEMA='sakila' AND TABLE_NAME IN ('customer'))) GROUP BY LOGFILE_GROUP_NAME, FILE_NAME, ENGINE, TOTAL_EXTENTS, INITIAL_SIZE ORDER BY LOGFILE_GROUP_NAME","2026-08-15T00:19:36.784383Z    58 Query SELECT LOGFILE_GROUP_NAME, FILE_NAME, TOTAL_EXTENTS, INITIAL_SIZE, ENGINE, EXTRA FROM INFORMATION_SCHEMA.FILES WHERE FILE_TYPE = 'UNDO LOG' AND FILE_NAME IS NOT NULL AND LOGFILE_GROUP_NAME IS NOT NULL AND LOGFILE_GROUP_NAME IN (SELECT DISTINCT LOGFILE_GROUP_NAME FROM INFORMATION_SCHEMA.FILES WHERE FILE_TYPE = 'DATAFILE' AND TABLESPACE_NAME IN (SELECT DISTINCT TABLESPACE_NAME FROM INFORMATION_SCHEMA.PARTITIONS WHERE TABLE_SCHEMA='sakila' AND TABLE_NAME IN ('customer'))) GROUP BY LOGFILE_GROUP_NAME, FILE_NAME, ENGINE, TOTAL_EXTENTS, INITIAL_SIZE ORDER BY LOGFILE_GROUP_NAME"
"Aug 14, 2026 6:19:36 PM",corp-na01-bp123na,Query, /*M!100100 SET @@MAX_STATEMENT_TIME=0.000000 */,2026-08-15T00:19:36.505858Z    58 Query /*M!100100 SET @@MAX_STATEMENT_TIME=0.000000 */
"Aug 14, 2026 6:19:36 PM",corp-na01-bp123na,Query, /*!40100 SET @@SQL_MODE='' */,2026-08-15T00:19:36.413124Z    58 Query /*!40100 SET @@SQL_MODE='' */
"Aug 14, 2026 6:19:36 PM",corp-na01-bp123na,Query, /*M!100100 SET WAIT_TIMEOUT=DEFAULT */,2026-08-15T00:19:36.598803Z    58 Query /*M!100100 SET WAIT_TIMEOUT=DEFAULT */
"Aug 14, 2026 6:19:36 PM",corp-na01-bp123na,Query, set optimizer_switch='semijoin=off',2026-08-15T00:19:36.691633Z    58 Query set optimizer_switch='semijoin=off'
"Aug 14, 2026 6:19:35 PM",corp-na01-bp123na,Query," SELECT /*!40001 SQL_NO_CACHE */ `country_id`, `country`, `last_update` FROM `country` WHERE 1 LIMIT 10","2026-08-15T00:19:34.874934Z    56 Query SELECT /*!40001 SQL_NO_CACHE */ `country_id`, `country`, `last_update` FROM `country` WHERE 1 LIMIT 10"
"Aug 14, 2026 6:19:35 PM",corp-na01-bp123na,Query, SELECT * FROM country LIMIT 10,2026-08-15T00:19:35.669179Z    57 Query SELECT * FROM country LIMIT 10
"Aug 14, 2026 6:19:34 PM",corp-na01-bp123na,Query, set optimizer_switch=default,2026-08-15T00:19:34.107868Z    56 Query set optimizer_switch=default
"Aug 14, 2026 6:19:34 PM",corp-na01-bp123na,Query," select column_name, extra, generation_expression, data_type from information_schema.columns where table_schema=database() and table_name='country' order by ordinal_position","2026-08-15T00:19:34.774836Z    56 Query select column_name, extra, generation_expression, data_type from information_schema.columns where table_schema=database() and table_name='country' order by ordinal_position"
"Aug 14, 2026 6:19:34 PM",corp-na01-bp123na,Query," SELECT DISTINCT TABLESPACE_NAME, FILE_NAME, LOGFILE_GROUP_NAME, EXTENT_SIZE, INITIAL_SIZE, ENGINE FROM INFORMATION_SCHEMA.FILES WHERE FILE_TYPE = 'DATAFILE' AND TABLESPACE_NAME IN (SELECT DISTINCT TABLESPACE_NAME FROM INFORMATION_SCHEMA.PARTITIONS WHERE TABLE_SCHEMA='sakila' AND TABLE_NAME IN ('country')) ORDER BY TABLESPACE_NAME, LOGFILE_GROUP_NAME","2026-08-15T00:19:34.014004Z    56 Query SELECT DISTINCT TABLESPACE_NAME, FILE_NAME, LOGFILE_GROUP_NAME, EXTENT_SIZE, INITIAL_SIZE, ENGINE FROM INFORMATION_SCHEMA.FILES WHERE FILE_TYPE = 'DATAFILE' AND TABLESPACE_NAME IN (SELECT DISTINCT TABLESPACE_NAME FROM INFORMATION_SCHEMA.PARTITIONS WHERE TABLE_SCHEMA='sakila' AND TABLE_NAME IN ('country')) ORDER BY TABLESPACE_NAME, LOGFILE_GROUP_NAME"
"Aug 14, 2026 6:19:34 PM",corp-na01-bp123na,Query," SELECT engine, table_type FROM INFORMATION_SCHEMA.TABLES WHERE table_schema = DATABASE() AND table_name = 'country'","2026-08-15T00:19:34.588159Z    56 Query SELECT engine, table_type FROM INFORMATION_SCHEMA.TABLES WHERE table_schema = DATABASE() AND table_name = 'country'"
"Aug 14, 2026 6:19:34 PM",corp-na01-bp123na,Query, SET SQL_QUOTE_SHOW_CREATE=1,2026-08-15T00:19:34.681632Z    56 Query SET SQL_QUOTE_SHOW_CREATE=1
"Aug 14, 2026 6:19:34 PM",corp-na01-bp123na,Query," SELECT engine, table_type FROM INFORMATION_SCHEMA.TABLES WHERE table_schema = DATABASE() AND table_name = 'country'","2026-08-15T00:19:34.494673Z    56 Query SELECT engine, table_type FROM INFORMATION_SCHEMA.TABLES WHERE table_schema = DATABASE() AND table_name = 'country'"
"Aug 14, 2026 6:19:34 PM",corp-na01-bp123na,Query, SELECT table_name FROM INFORMATION_SCHEMA.TABLES WHERE table_schema = DATABASE() AND table_name = 'country',2026-08-15T00:19:34.401044Z    56 Query SELECT table_name FROM INFORMATION_SCHEMA.TABLES WHERE table_schema = DATABASE() AND table_name = 'country'
"Aug 14, 2026 6:19:34 PM",corp-na01-bp123na,Query," SELECT LOGFILE_GROUP_NAME, FILE_NAME, TOTAL_EXTENTS, INITIAL_SIZE, ENGINE, EXTRA FROM INFORMATION_SCHEMA.FILES WHERE FILE_TYPE = 'UNDO LOG' AND FILE_NAME IS NOT NULL AND LOGFILE_GROUP_NAME IS NOT NULL AND LOGFILE_GROUP_NAME IN (SELECT DISTINCT LOGFILE_GROUP_NAME FROM INFORMATION_SCHEMA.FILES WHERE FILE_TYPE = 'DATAFILE' AND TABLESPACE_NAME IN (SELECT DISTINCT TABLESPACE_NAME FROM INFORMATION_SCHEMA.PARTITIONS WHERE TABLE_SCHEMA='sakila' AND TABLE_NAME IN ('country'))) GROUP BY LOGFILE_GROUP_NAME, FILE_NAME, ENGINE, TOTAL_EXTENTS, INITIAL_SIZE ORDER BY LOGFILE_GROUP_NAME","2026-08-15T00:19:33.917811Z    56 Query SELECT LOGFILE_GROUP_NAME, FILE_NAME, TOTAL_EXTENTS, INITIAL_SIZE, ENGINE, EXTRA FROM INFORMATION_SCHEMA.FILES WHERE FILE_TYPE = 'UNDO LOG' AND FILE_NAME IS NOT NULL AND LOGFILE_GROUP_NAME IS NOT NULL AND LOGFILE_GROUP_NAME IN (SELECT DISTINCT LOGFILE_GROUP_NAME FROM INFORMATION_SCHEMA.FILES WHERE FILE_TYPE = 'DATAFILE' AND TABLESPACE_NAME IN (SELECT DISTINCT TABLESPACE_NAME FROM INFORMATION_SCHEMA.PARTITIONS WHERE TABLE_SCHEMA='sakila' AND TABLE_NAME IN ('country'))) GROUP BY LOGFILE_GROUP_NAME, FILE_NAME, ENGINE, TOTAL_EXTENTS, INITIAL_SIZE ORDER BY LOGFILE_GROUP_NAME"
"Aug 14, 2026 6:19:34 PM",corp-na01-bp123na,Query, SHOW VARIABLES LIKE 'lower_case_table_names',2026-08-15T00:19:34.293549Z    56 Query SHOW VARIABLES LIKE 'lower_case_table_names'
"Aug 14, 2026 6:19:33 PM",corp-na01-bp123na,Query, /*M!100100 SET @@MAX_STATEMENT_TIME=0.000000 */,2026-08-15T00:19:33.638589Z    56 Query /*M!100100 SET @@MAX_STATEMENT_TIME=0.000000 */
"Aug 14, 2026 6:19:33 PM",corp-na01-bp123na,Query, /*!40100 SET @@SQL_MODE='' */,2026-08-15T00:19:33.545382Z    56 Query /*!40100 SET @@SQL_MODE='' */
"Aug 14, 2026 6:19:33 PM",corp-na01-bp123na,Query, /*M!100100 SET WAIT_TIMEOUT=DEFAULT */,2026-08-15T00:19:33.731897Z    56 Query /*M!100100 SET WAIT_TIMEOUT=DEFAULT */
"Aug 14, 2026 6:19:33 PM",corp-na01-bp123na,Query, set optimizer_switch='semijoin=off',2026-08-15T00:19:33.824796Z    56 Query set optimizer_switch='semijoin=off'
"Aug 14, 2026 6:19:32 PM",corp-na01-bp123na,Query," select column_name, extra, generation_expression, data_type from information_schema.columns where table_schema=database() and table_name='city' order by ordinal_position","2026-08-15T00:19:32.000685Z    54 Query select column_name, extra, generation_expression, data_type from information_schema.columns where table_schema=database() and table_name='city' order by ordinal_position"
"Aug 14, 2026 6:19:32 PM",corp-na01-bp123na,Query," SELECT /*!40001 SQL_NO_CACHE */ `city_id`, `city`, `country_id`, `last_update` FROM `city` WHERE 1 LIMIT 10","2026-08-15T00:19:32.095535Z    54 Query SELECT /*!40001 SQL_NO_CACHE */ `city_id`, `city`, `country_id`, `last_update` FROM `city` WHERE 1 LIMIT 10"
"Aug 14, 2026 6:19:32 PM",corp-na01-bp123na,Query, SELECT * FROM city LIMIT 10,2026-08-15T00:19:32.827765Z    55 Query SELECT * FROM city LIMIT 10
"Aug 14, 2026 6:19:32 PM",corp-na01-bp123na,Query, SET SQL_QUOTE_SHOW_CREATE=1,2026-08-15T00:19:31.907645Z    54 Query SET SQL_QUOTE_SHOW_CREATE=1
"Aug 14, 2026 6:19:31 PM",corp-na01-bp123na,Query, SELECT table_name FROM INFORMATION_SCHEMA.TABLES WHERE table_schema = DATABASE() AND table_name = 'city',2026-08-15T00:19:31.626794Z    54 Query SELECT table_name FROM INFORMATION_SCHEMA.TABLES WHERE table_schema = DATABASE() AND table_name = 'city'
"Aug 14, 2026 6:19:31 PM",corp-na01-bp123na,Query, SHOW VARIABLES LIKE 'lower_case_table_names',2026-08-15T00:19:31.531748Z    54 Query SHOW VARIABLES LIKE 'lower_case_table_names'
"Aug 14, 2026 6:19:31 PM",corp-na01-bp123na,Query, /*M!100100 SET WAIT_TIMEOUT=DEFAULT */,2026-08-15T00:19:30.967148Z    54 Query /*M!100100 SET WAIT_TIMEOUT=DEFAULT */
"Aug 14, 2026 6:19:31 PM",corp-na01-bp123na,Query, set optimizer_switch=default,2026-08-15T00:19:31.343473Z    54 Query set optimizer_switch=default
"Aug 14, 2026 6:19:31 PM",corp-na01-bp123na,Query," SELECT engine, table_type FROM INFORMATION_SCHEMA.TABLES WHERE table_schema = DATABASE() AND table_name = 'city'","2026-08-15T00:19:31.814185Z    54 Query SELECT engine, table_type FROM INFORMATION_SCHEMA.TABLES WHERE table_schema = DATABASE() AND table_name = 'city'"
"Aug 14, 2026 6:19:31 PM",corp-na01-bp123na,Query, /*M!100100 SET @@MAX_STATEMENT_TIME=0.000000 */,2026-08-15T00:19:30.874390Z    54 Query /*M!100100 SET @@MAX_STATEMENT_TIME=0.000000 */
"Aug 14, 2026 6:19:31 PM",corp-na01-bp123na,Query," SELECT DISTINCT TABLESPACE_NAME, FILE_NAME, LOGFILE_GROUP_NAME, EXTENT_SIZE, INITIAL_SIZE, ENGINE FROM INFORMATION_SCHEMA.FILES WHERE FILE_TYPE = 'DATAFILE' AND TABLESPACE_NAME IN (SELECT DISTINCT TABLESPACE_NAME FROM INFORMATION_SCHEMA.PARTITIONS WHERE TABLE_SCHEMA='sakila' AND TABLE_NAME IN ('city')) ORDER BY TABLESPACE_NAME, LOGFILE_GROUP_NAME","2026-08-15T00:19:31.248831Z    54 Query SELECT DISTINCT TABLESPACE_NAME, FILE_NAME, LOGFILE_GROUP_NAME, EXTENT_SIZE, INITIAL_SIZE, ENGINE FROM INFORMATION_SCHEMA.FILES WHERE FILE_TYPE = 'DATAFILE' AND TABLESPACE_NAME IN (SELECT DISTINCT TABLESPACE_NAME FROM INFORMATION_SCHEMA.PARTITIONS WHERE TABLE_SCHEMA='sakila' AND TABLE_NAME IN ('city')) ORDER BY TABLESPACE_NAME, LOGFILE_GROUP_NAME"
"Aug 14, 2026 6:19:31 PM",corp-na01-bp123na,Query," SELECT LOGFILE_GROUP_NAME, FILE_NAME, TOTAL_EXTENTS, INITIAL_SIZE, ENGINE, EXTRA FROM INFORMATION_SCHEMA.FILES WHERE FILE_TYPE = 'UNDO LOG' AND FILE_NAME IS NOT NULL AND LOGFILE_GROUP_NAME IS NOT NULL AND LOGFILE_GROUP_NAME IN (SELECT DISTINCT LOGFILE_GROUP_NAME FROM INFORMATION_SCHEMA.FILES WHERE FILE_TYPE = 'DATAFILE' AND TABLESPACE_NAME IN (SELECT DISTINCT TABLESPACE_NAME FROM INFORMATION_SCHEMA.PARTITIONS WHERE TABLE_SCHEMA='sakila' AND TABLE_NAME IN ('city'))) GROUP BY LOGFILE_GROUP_NAME, FILE_NAME, ENGINE, TOTAL_EXTENTS, INITIAL_SIZE ORDER BY LOGFILE_GROUP_NAME","2026-08-15T00:19:31.152880Z    54 Query SELECT LOGFILE_GROUP_NAME, FILE_NAME, TOTAL_EXTENTS, INITIAL_SIZE, ENGINE, EXTRA FROM INFORMATION_SCHEMA.FILES WHERE FILE_TYPE = 'UNDO LOG' AND FILE_NAME IS NOT NULL AND LOGFILE_GROUP_NAME IS NOT NULL AND LOGFILE_GROUP_NAME IN (SELECT DISTINCT LOGFILE_GROUP_NAME FROM INFORMATION_SCHEMA.FILES WHERE FILE_TYPE = 'DATAFILE' AND TABLESPACE_NAME IN (SELECT DISTINCT TABLESPACE_NAME FROM INFORMATION_SCHEMA.PARTITIONS WHERE TABLE_SCHEMA='sakila' AND TABLE_NAME IN ('city'))) GROUP BY LOGFILE_GROUP_NAME, FILE_NAME, ENGINE, TOTAL_EXTENTS, INITIAL_SIZE ORDER BY LOGFILE_GROUP_NAME"
"Aug 14, 2026 6:19:31 PM",corp-na01-bp123na,Query, set optimizer_switch='semijoin=off',2026-08-15T00:19:31.059898Z    54 Query set optimizer_switch='semijoin=off'
"Aug 14, 2026 6:19:31 PM",corp-na01-bp123na,Query," SELECT engine, table_type FROM INFORMATION_SCHEMA.TABLES WHERE table_schema = DATABASE() AND table_name = 'city'","2026-08-15T00:19:31.720415Z    54 Query SELECT engine, table_type FROM INFORMATION_SCHEMA.TABLES WHERE table_schema = DATABASE() AND table_name = 'city'"
"Aug 14, 2026 6:19:30 PM",corp-na01-bp123na,Query, SELECT * FROM category LIMIT 10,2026-08-15T00:19:30.065643Z    53 Query SELECT * FROM category LIMIT 10
"Aug 14, 2026 6:19:30 PM",corp-na01-bp123na,Query, /*!40100 SET @@SQL_MODE='' */,2026-08-15T00:19:30.780698Z    54 Query /*!40100 SET @@SQL_MODE='' */
"Aug 14, 2026 6:19:29 PM",corp-na01-bp123na,Query, SET SQL_QUOTE_SHOW_CREATE=1,2026-08-15T00:19:29.199012Z    52 Query SET SQL_QUOTE_SHOW_CREATE=1
"Aug 14, 2026 6:19:29 PM",corp-na01-bp123na,Query, SELECT table_name FROM INFORMATION_SCHEMA.TABLES WHERE table_schema = DATABASE() AND table_name = 'category',2026-08-15T00:19:28.917329Z    52 Query SELECT table_name FROM INFORMATION_SCHEMA.TABLES WHERE table_schema = DATABASE() AND table_name = 'category'
"Aug 14, 2026 6:19:29 PM",corp-na01-bp123na,Query," SELECT engine, table_type FROM INFORMATION_SCHEMA.TABLES WHERE table_schema = DATABASE() AND table_name = 'category'","2026-08-15T00:19:29.105019Z    52 Query SELECT engine, table_type FROM INFORMATION_SCHEMA.TABLES WHERE table_schema = DATABASE() AND table_name = 'category'"
"Aug 14, 2026 6:19:29 PM",corp-na01-bp123na,Query," SELECT /*!40001 SQL_NO_CACHE */ `category_id`, `name`, `last_update` FROM `category` WHERE 1 LIMIT 10","2026-08-15T00:19:29.385816Z    52 Query SELECT /*!40001 SQL_NO_CACHE */ `category_id`, `name`, `last_update` FROM `category` WHERE 1 LIMIT 10"
"Aug 14, 2026 6:19:29 PM",corp-na01-bp123na,Query," SELECT engine, table_type FROM INFORMATION_SCHEMA.TABLES WHERE table_schema = DATABASE() AND table_name = 'category'","2026-08-15T00:19:29.011141Z    52 Query SELECT engine, table_type FROM INFORMATION_SCHEMA.TABLES WHERE table_schema = DATABASE() AND table_name = 'category'"
"Aug 14, 2026 6:19:29 PM",corp-na01-bp123na,Query," select column_name, extra, generation_expression, data_type from information_schema.columns where table_schema=database() and table_name='category' order by ordinal_position","2026-08-15T00:19:29.292086Z    52 Query select column_name, extra, generation_expression, data_type from information_schema.columns where table_schema=database() and table_name='category' order by ordinal_position"
"Aug 14, 2026 6:19:28 PM",corp-na01-bp123na,Query, /*!40100 SET @@SQL_MODE='' */,2026-08-15T00:19:28.076332Z    52 Query /*!40100 SET @@SQL_MODE='' */
"Aug 14, 2026 6:19:28 PM",corp-na01-bp123na,Query, set optimizer_switch='semijoin=off',2026-08-15T00:19:28.354901Z    52 Query set optimizer_switch='semijoin=off'
"Aug 14, 2026 6:19:28 PM",corp-na01-bp123na,Query, /*M!100100 SET @@MAX_STATEMENT_TIME=0.000000 */,2026-08-15T00:19:28.169118Z    52 Query /*M!100100 SET @@MAX_STATEMENT_TIME=0.000000 */
"Aug 14, 2026 6:19:28 PM",corp-na01-bp123na,Query," SELECT DISTINCT TABLESPACE_NAME, FILE_NAME, LOGFILE_GROUP_NAME, EXTENT_SIZE, INITIAL_SIZE, ENGINE FROM INFORMATION_SCHEMA.FILES WHERE FILE_TYPE = 'DATAFILE' AND TABLESPACE_NAME IN (SELECT DISTINCT TABLESPACE_NAME FROM INFORMATION_SCHEMA.PARTITIONS WHERE TABLE_SCHEMA='sakila' AND TABLE_NAME IN ('category')) ORDER BY TABLESPACE_NAME, LOGFILE_GROUP_NAME","2026-08-15T00:19:28.543602Z    52 Query SELECT DISTINCT TABLESPACE_NAME, FILE_NAME, LOGFILE_GROUP_NAME, EXTENT_SIZE, INITIAL_SIZE, ENGINE FROM INFORMATION_SCHEMA.FILES WHERE FILE_TYPE = 'DATAFILE' AND TABLESPACE_NAME IN (SELECT DISTINCT TABLESPACE_NAME FROM INFORMATION_SCHEMA.PARTITIONS WHERE TABLE_SCHEMA='sakila' AND TABLE_NAME IN ('category')) ORDER BY TABLESPACE_NAME, LOGFILE_GROUP_NAME"
"Aug 14, 2026 6:19:28 PM",corp-na01-bp123na,Query," SELECT LOGFILE_GROUP_NAME, FILE_NAME, TOTAL_EXTENTS, INITIAL_SIZE, ENGINE, EXTRA FROM INFORMATION_SCHEMA.FILES WHERE FILE_TYPE = 'UNDO LOG' AND FILE_NAME IS NOT NULL AND LOGFILE_GROUP_NAME IS NOT NULL AND LOGFILE_GROUP_NAME IN (SELECT DISTINCT LOGFILE_GROUP_NAME FROM INFORMATION_SCHEMA.FILES WHERE FILE_TYPE = 'DATAFILE' AND TABLESPACE_NAME IN (SELECT DISTINCT TABLESPACE_NAME FROM INFORMATION_SCHEMA.PARTITIONS WHERE TABLE_SCHEMA='sakila' AND TABLE_NAME IN ('category'))) GROUP BY LOGFILE_GROUP_NAME, FILE_NAME, ENGINE, TOTAL_EXTENTS, INITIAL_SIZE ORDER BY LOGFILE_GROUP_NAME","2026-08-15T00:19:28.447860Z    52 Query SELECT LOGFILE_GROUP_NAME, FILE_NAME, TOTAL_EXTENTS, INITIAL_SIZE, ENGINE, EXTRA FROM INFORMATION_SCHEMA.FILES WHERE FILE_TYPE = 'UNDO LOG' AND FILE_NAME IS NOT NULL AND LOGFILE_GROUP_NAME IS NOT NULL AND LOGFILE_GROUP_NAME IN (SELECT DISTINCT LOGFILE_GROUP_NAME FROM INFORMATION_SCHEMA.FILES WHERE FILE_TYPE = 'DATAFILE' AND TABLESPACE_NAME IN (SELECT DISTINCT TABLESPACE_NAME FROM INFORMATION_SCHEMA.PARTITIONS WHERE TABLE_SCHEMA='sakila' AND TABLE_NAME IN ('category'))) GROUP BY LOGFILE_GROUP_NAME, FILE_NAME, ENGINE, TOTAL_EXTENTS, INITIAL_SIZE ORDER BY LOGFILE_GROUP_NAME"
"Aug 14, 2026 6:19:28 PM",corp-na01-bp123na,Query, SHOW VARIABLES LIKE 'lower_case_table_names',2026-08-15T00:19:28.823181Z    52 Query SHOW VARIABLES LIKE 'lower_case_table_names'
"Aug 14, 2026 6:19:28 PM",corp-na01-bp123na,Query, set optimizer_switch=default,2026-08-15T00:19:28.637455Z    52 Query set optimizer_switch=default
"Aug 14, 2026 6:19:28 PM",corp-na01-bp123na,Query, /*M!100100 SET WAIT_TIMEOUT=DEFAULT */,2026-08-15T00:19:28.262175Z    52 Query /*M!100100 SET WAIT_TIMEOUT=DEFAULT */
"Aug 14, 2026 6:19:27 PM",corp-na01-bp123na,Query, SELECT * FROM address LIMIT 10,2026-08-15T00:19:27.416381Z    51 Query SELECT * FROM address LIMIT 10
"Aug 14, 2026 6:19:26 PM",corp-na01-bp123na,Query," SELECT engine, table_type FROM INFORMATION_SCHEMA.TABLES WHERE table_schema = DATABASE() AND table_name = 'address'","2026-08-15T00:19:26.388123Z    50 Query SELECT engine, table_type FROM INFORMATION_SCHEMA.TABLES WHERE table_schema = DATABASE() AND table_name = 'address'"
"Aug 14, 2026 6:19:26 PM",corp-na01-bp123na,Query," select column_name, extra, generation_expression, data_type from information_schema.columns where table_schema=database() and table_name='address' order by ordinal_position","2026-08-15T00:19:26.575552Z    50 Query select column_name, extra, generation_expression, data_type from information_schema.columns where table_schema=database() and table_name='address' order by ordinal_position"
"Aug 14, 2026 6:19:26 PM",corp-na01-bp123na,Query, SHOW VARIABLES LIKE 'lower_case_table_names',2026-08-15T00:19:26.105611Z    50 Query SHOW VARIABLES LIKE 'lower_case_table_names'
"Aug 14, 2026 6:19:26 PM",corp-na01-bp123na,Query," SELECT engine, table_type FROM INFORMATION_SCHEMA.TABLES WHERE table_schema = DATABASE() AND table_name = 'address'","2026-08-15T00:19:26.293915Z    50 Query SELECT engine, table_type FROM INFORMATION_SCHEMA.TABLES WHERE table_schema = DATABASE() AND table_name = 'address'"
"Aug 14, 2026 6:19:26 PM",corp-na01-bp123na,Query, set optimizer_switch=default,2026-08-15T00:19:25.919807Z    50 Query set optimizer_switch=default
"Aug 14, 2026 6:19:26 PM",corp-na01-bp123na,Query," SELECT DISTINCT TABLESPACE_NAME, FILE_NAME, LOGFILE_GROUP_NAME, EXTENT_SIZE, INITIAL_SIZE, ENGINE FROM INFORMATION_SCHEMA.FILES WHERE FILE_TYPE = 'DATAFILE' AND TABLESPACE_NAME IN (SELECT DISTINCT TABLESPACE_NAME FROM INFORMATION_SCHEMA.PARTITIONS WHERE TABLE_SCHEMA='sakila' AND TABLE_NAME IN ('address')) ORDER BY TABLESPACE_NAME, LOGFILE_GROUP_NAME","2026-08-15T00:19:25.824359Z    50 Query SELECT DISTINCT TABLESPACE_NAME, FILE_NAME, LOGFILE_GROUP_NAME, EXTENT_SIZE, INITIAL_SIZE, ENGINE FROM INFORMATION_SCHEMA.FILES WHERE FILE_TYPE = 'DATAFILE' AND TABLESPACE_NAME IN (SELECT DISTINCT TABLESPACE_NAME FROM INFORMATION_SCHEMA.PARTITIONS WHERE TABLE_SCHEMA='sakila' AND TABLE_NAME IN ('address')) ORDER BY TABLESPACE_NAME, LOGFILE_GROUP_NAME"
"Aug 14, 2026 6:19:26 PM",corp-na01-bp123na,Query, SET SQL_QUOTE_SHOW_CREATE=1,2026-08-15T00:19:26.481511Z    50 Query SET SQL_QUOTE_SHOW_CREATE=1
"Aug 14, 2026 6:19:26 PM",corp-na01-bp123na,Query," SELECT /*!40001 SQL_NO_CACHE */ `address_id`, `address`, `address2`, `district`, `city_id`, `postal_code`, `phone`, `location`, `last_update` FROM `address` WHERE 1 LIMIT 10","2026-08-15T00:19:26.670720Z    50 Query SELECT /*!40001 SQL_NO_CACHE */ `address_id`, `address`, `address2`, `district`, `city_id`, `postal_code`, `phone`, `location`, `last_update` FROM `address` WHERE 1 LIMIT 10"
"Aug 14, 2026 6:19:26 PM",corp-na01-bp123na,Query, SELECT table_name FROM INFORMATION_SCHEMA.TABLES WHERE table_schema = DATABASE() AND table_name = 'address',2026-08-15T00:19:26.199670Z    50 Query SELECT table_name FROM INFORMATION_SCHEMA.TABLES WHERE table_schema = DATABASE() AND table_name = 'address'
"Aug 14, 2026 6:19:25 PM",corp-na01-bp123na,Query, set optimizer_switch='semijoin=off',2026-08-15T00:19:25.635728Z    50 Query set optimizer_switch='semijoin=off'
"Aug 14, 2026 6:19:25 PM",corp-na01-bp123na,Query, /*M!100100 SET WAIT_TIMEOUT=DEFAULT */,2026-08-15T00:19:25.542864Z    50 Query /*M!100100 SET WAIT_TIMEOUT=DEFAULT */
"Aug 14, 2026 6:19:25 PM",corp-na01-bp123na,Query, /*!40100 SET @@SQL_MODE='' */,2026-08-15T00:19:25.356451Z    50 Query /*!40100 SET @@SQL_MODE='' */
"Aug 14, 2026 6:19:25 PM",corp-na01-bp123na,Query, /*M!100100 SET @@MAX_STATEMENT_TIME=0.000000 */,2026-08-15T00:19:25.449877Z    50 Query /*M!100100 SET @@MAX_STATEMENT_TIME=0.000000 */
"Aug 14, 2026 6:19:25 PM",corp-na01-bp123na,Query," SELECT LOGFILE_GROUP_NAME, FILE_NAME, TOTAL_EXTENTS, INITIAL_SIZE, ENGINE, EXTRA FROM INFORMATION_SCHEMA.FILES WHERE FILE_TYPE = 'UNDO LOG' AND FILE_NAME IS NOT NULL AND LOGFILE_GROUP_NAME IS NOT NULL AND LOGFILE_GROUP_NAME IN (SELECT DISTINCT LOGFILE_GROUP_NAME FROM INFORMATION_SCHEMA.FILES WHERE FILE_TYPE = 'DATAFILE' AND TABLESPACE_NAME IN (SELECT DISTINCT TABLESPACE_NAME FROM INFORMATION_SCHEMA.PARTITIONS WHERE TABLE_SCHEMA='sakila' AND TABLE_NAME IN ('address'))) GROUP BY LOGFILE_GROUP_NAME, FILE_NAME, ENGINE, TOTAL_EXTENTS, INITIAL_SIZE ORDER BY LOGFILE_GROUP_NAME","2026-08-15T00:19:25.728817Z    50 Query SELECT LOGFILE_GROUP_NAME, FILE_NAME, TOTAL_EXTENTS, INITIAL_SIZE, ENGINE, EXTRA FROM INFORMATION_SCHEMA.FILES WHERE FILE_TYPE = 'UNDO LOG' AND FILE_NAME IS NOT NULL AND LOGFILE_GROUP_NAME IS NOT NULL AND LOGFILE_GROUP_NAME IN (SELECT DISTINCT LOGFILE_GROUP_NAME FROM INFORMATION_SCHEMA.FILES WHERE FILE_TYPE = 'DATAFILE' AND TABLESPACE_NAME IN (SELECT DISTINCT TABLESPACE_NAME FROM INFORMATION_SCHEMA.PARTITIONS WHERE TABLE_SCHEMA='sakila' AND TABLE_NAME IN ('address'))) GROUP BY LOGFILE_GROUP_NAME, FILE_NAME, ENGINE, TOTAL_EXTENTS, INITIAL_SIZE ORDER BY LOGFILE_GROUP_NAME"
"Aug 14, 2026 6:19:24 PM",corp-na01-bp123na,Query, SELECT * FROM actor_info LIMIT 10,2026-08-15T00:19:24.192825Z    49 Query SELECT * FROM actor_info LIMIT 10
"Aug 14, 2026 6:19:23 PM",corp-na01-bp123na,Query," select column_name, extra, generation_expression, data_type from information_schema.columns where table_schema=database() and table_name='actor_info' order by ordinal_position","2026-08-15T00:19:23.535649Z    48 Query select column_name, extra, generation_expression, data_type from information_schema.columns where table_schema=database() and table_name='actor_info' order by ordinal_position"
"Aug 14, 2026 6:19:23 PM",corp-na01-bp123na,Query," SELECT DISTINCT TABLESPACE_NAME, FILE_NAME, LOGFILE_GROUP_NAME, EXTENT_SIZE, INITIAL_SIZE, ENGINE FROM INFORMATION_SCHEMA.FILES WHERE FILE_TYPE = 'DATAFILE' AND TABLESPACE_NAME IN (SELECT DISTINCT TABLESPACE_NAME FROM INFORMATION_SCHEMA.PARTITIONS WHERE TABLE_SCHEMA='sakila' AND TABLE_NAME IN ('actor_info')) ORDER BY TABLESPACE_NAME, LOGFILE_GROUP_NAME","2026-08-15T00:19:22.815149Z    48 Query SELECT DISTINCT TABLESPACE_NAME, FILE_NAME, LOGFILE_GROUP_NAME, EXTENT_SIZE, INITIAL_SIZE, ENGINE FROM INFORMATION_SCHEMA.FILES WHERE FILE_TYPE = 'DATAFILE' AND TABLESPACE_NAME IN (SELECT DISTINCT TABLESPACE_NAME FROM INFORMATION_SCHEMA.PARTITIONS WHERE TABLE_SCHEMA='sakila' AND TABLE_NAME IN ('actor_info')) ORDER BY TABLESPACE_NAME, LOGFILE_GROUP_NAME"
"Aug 14, 2026 6:19:23 PM",corp-na01-bp123na,Query, SELECT table_name FROM INFORMATION_SCHEMA.TABLES WHERE table_schema = DATABASE() AND table_name = 'actor_info',2026-08-15T00:19:23.175210Z    48 Query SELECT table_name FROM INFORMATION_SCHEMA.TABLES WHERE table_schema = DATABASE() AND table_name = 'actor_info'
"Aug 14, 2026 6:19:23 PM",corp-na01-bp123na,Query, SHOW VARIABLES LIKE 'lower_case_table_names',2026-08-15T00:19:23.084291Z    48 Query SHOW VARIABLES LIKE 'lower_case_table_names'
"Aug 14, 2026 6:19:23 PM",corp-na01-bp123na,Query, set optimizer_switch=default,2026-08-15T00:19:22.905609Z    48 Query set optimizer_switch=default
"Aug 14, 2026 6:19:23 PM",corp-na01-bp123na,Query," SELECT engine, table_type FROM INFORMATION_SCHEMA.TABLES WHERE table_schema = DATABASE() AND table_name = 'actor_info'","2026-08-15T00:19:23.265897Z    48 Query SELECT engine, table_type FROM INFORMATION_SCHEMA.TABLES WHERE table_schema = DATABASE() AND table_name = 'actor_info'"
"Aug 14, 2026 6:19:23 PM",corp-na01-bp123na,Query, SET SQL_QUOTE_SHOW_CREATE=1,2026-08-15T00:19:23.446273Z    48 Query SET SQL_QUOTE_SHOW_CREATE=1
"Aug 14, 2026 6:19:23 PM",corp-na01-bp123na,Query," SELECT engine, table_type FROM INFORMATION_SCHEMA.TABLES WHERE table_schema = DATABASE() AND table_name = 'actor_info'","2026-08-15T00:19:23.356223Z    48 Query SELECT engine, table_type FROM INFORMATION_SCHEMA.TABLES WHERE table_schema = DATABASE() AND table_name = 'actor_info'"
"Aug 14, 2026 6:19:22 PM",corp-na01-bp123na,Query, /*!40100 SET @@SQL_MODE='' */,2026-08-15T00:19:22.363339Z    48 Query /*!40100 SET @@SQL_MODE='' */
"Aug 14, 2026 6:19:22 PM",corp-na01-bp123na,Query, /*M!100100 SET @@MAX_STATEMENT_TIME=0.000000 */,2026-08-15T00:19:22.454842Z    48 Query /*M!100100 SET @@MAX_STATEMENT_TIME=0.000000 */
"Aug 14, 2026 6:19:22 PM",corp-na01-bp123na,Query, set optimizer_switch='semijoin=off',2026-08-15T00:19:22.633626Z    48 Query set optimizer_switch='semijoin=off'
"Aug 14, 2026 6:19:22 PM",corp-na01-bp123na,Query, /*M!100100 SET WAIT_TIMEOUT=DEFAULT */,2026-08-15T00:19:22.544208Z    48 Query /*M!100100 SET WAIT_TIMEOUT=DEFAULT */
"Aug 14, 2026 6:19:22 PM",corp-na01-bp123na,Query," SELECT LOGFILE_GROUP_NAME, FILE_NAME, TOTAL_EXTENTS, INITIAL_SIZE, ENGINE, EXTRA FROM INFORMATION_SCHEMA.FILES WHERE FILE_TYPE = 'UNDO LOG' AND FILE_NAME IS NOT NULL AND LOGFILE_GROUP_NAME IS NOT NULL AND LOGFILE_GROUP_NAME IN (SELECT DISTINCT LOGFILE_GROUP_NAME FROM INFORMATION_SCHEMA.FILES WHERE FILE_TYPE = 'DATAFILE' AND TABLESPACE_NAME IN (SELECT DISTINCT TABLESPACE_NAME FROM INFORMATION_SCHEMA.PARTITIONS WHERE TABLE_SCHEMA='sakila' AND TABLE_NAME IN ('actor_info'))) GROUP BY LOGFILE_GROUP_NAME, FILE_NAME, ENGINE, TOTAL_EXTENTS, INITIAL_SIZE ORDER BY LOGFILE_GROUP_NAME","2026-08-15T00:19:22.722826Z    48 Query SELECT LOGFILE_GROUP_NAME, FILE_NAME, TOTAL_EXTENTS, INITIAL_SIZE, ENGINE, EXTRA FROM INFORMATION_SCHEMA.FILES WHERE FILE_TYPE = 'UNDO LOG' AND FILE_NAME IS NOT NULL AND LOGFILE_GROUP_NAME IS NOT NULL AND LOGFILE_GROUP_NAME IN (SELECT DISTINCT LOGFILE_GROUP_NAME FROM INFORMATION_SCHEMA.FILES WHERE FILE_TYPE = 'DATAFILE' AND TABLESPACE_NAME IN (SELECT DISTINCT TABLESPACE_NAME FROM INFORMATION_SCHEMA.PARTITIONS WHERE TABLE_SCHEMA='sakila' AND TABLE_NAME IN ('actor_info'))) GROUP BY LOGFILE_GROUP_NAME, FILE_NAME, ENGINE, TOTAL_EXTENTS, INITIAL_SIZE ORDER BY LOGFILE_GROUP_NAME"
"Aug 14, 2026 6:19:21 PM",corp-na01-bp123na,Query, SELECT * FROM actor LIMIT 10,2026-08-15T00:19:21.651595Z    47 Query SELECT * FROM actor LIMIT 10
"Aug 14, 2026 6:19:21 PM",corp-na01-bp123na,Query," SELECT /*!40001 SQL_NO_CACHE */ `actor_id`, `first_name`, `last_name`, `last_update` FROM `actor` WHERE 1 LIMIT 10","2026-08-15T00:19:20.948446Z    46 Query SELECT /*!40001 SQL_NO_CACHE */ `actor_id`, `first_name`, `last_name`, `last_update` FROM `actor` WHERE 1 LIMIT 10"
"Aug 14, 2026 6:19:21 PM",corp-na01-bp123na,Query," select column_name, extra, generation_expression, data_type from information_schema.columns where table_schema=database() and table_name='actor' order by ordinal_position","2026-08-15T00:19:20.858020Z    46 Query select column_name, extra, generation_expression, data_type from information_schema.columns where table_schema=database() and table_name='actor' order by ordinal_position"
"Aug 14, 2026 6:19:20 PM",corp-na01-bp123na,Query, SHOW VARIABLES LIKE 'lower_case_table_names',2026-08-15T00:19:20.403256Z    46 Query SHOW VARIABLES LIKE 'lower_case_table_names'
"Aug 14, 2026 6:19:20 PM",corp-na01-bp123na,Query, SELECT table_name FROM INFORMATION_SCHEMA.TABLES WHERE table_schema = DATABASE() AND table_name = 'actor',2026-08-15T00:19:20.494884Z    46 Query SELECT table_name FROM INFORMATION_SCHEMA.TABLES WHERE table_schema = DATABASE() AND table_name = 'actor'
"Aug 14, 2026 6:19:20 PM",corp-na01-bp123na,Query, set optimizer_switch='semijoin=off',2026-08-15T00:19:19.951842Z    46 Query set optimizer_switch='semijoin=off'
"Aug 14, 2026 6:19:20 PM",corp-na01-bp123na,Query, set optimizer_switch=default,2026-08-15T00:19:20.224583Z    46 Query set optimizer_switch=default
"Aug 14, 2026 6:19:20 PM",corp-na01-bp123na,Query," SELECT engine, table_type FROM INFORMATION_SCHEMA.TABLES WHERE table_schema = DATABASE() AND table_name = 'actor'","2026-08-15T00:19:20.678730Z    46 Query SELECT engine, table_type FROM INFORMATION_SCHEMA.TABLES WHERE table_schema = DATABASE() AND table_name = 'actor'"
"Aug 14, 2026 6:19:20 PM",corp-na01-bp123na,Query," SELECT engine, table_type FROM INFORMATION_SCHEMA.TABLES WHERE table_schema = DATABASE() AND table_name = 'actor'","2026-08-15T00:19:20.585069Z    46 Query SELECT engine, table_type FROM INFORMATION_SCHEMA.TABLES WHERE table_schema = DATABASE() AND table_name = 'actor'"
"Aug 14, 2026 6:19:20 PM",corp-na01-bp123na,Query," SELECT DISTINCT TABLESPACE_NAME, FILE_NAME, LOGFILE_GROUP_NAME, EXTENT_SIZE, INITIAL_SIZE, ENGINE FROM INFORMATION_SCHEMA.FILES WHERE FILE_TYPE = 'DATAFILE' AND TABLESPACE_NAME IN (SELECT DISTINCT TABLESPACE_NAME FROM INFORMATION_SCHEMA.PARTITIONS WHERE TABLE_SCHEMA='sakila' AND TABLE_NAME IN ('actor')) ORDER BY TABLESPACE_NAME, LOGFILE_GROUP_NAME","2026-08-15T00:19:20.134027Z    46 Query SELECT DISTINCT TABLESPACE_NAME, FILE_NAME, LOGFILE_GROUP_NAME, EXTENT_SIZE, INITIAL_SIZE, ENGINE FROM INFORMATION_SCHEMA.FILES WHERE FILE_TYPE = 'DATAFILE' AND TABLESPACE_NAME IN (SELECT DISTINCT TABLESPACE_NAME FROM INFORMATION_SCHEMA.PARTITIONS WHERE TABLE_SCHEMA='sakila' AND TABLE_NAME IN ('actor')) ORDER BY TABLESPACE_NAME, LOGFILE_GROUP_NAME"
"Aug 14, 2026 6:19:20 PM",corp-na01-bp123na,Query, SET SQL_QUOTE_SHOW_CREATE=1,2026-08-15T00:19:20.768694Z    46 Query SET SQL_QUOTE_SHOW_CREATE=1
"Aug 14, 2026 6:19:20 PM",corp-na01-bp123na,Query," SELECT LOGFILE_GROUP_NAME, FILE_NAME, TOTAL_EXTENTS, INITIAL_SIZE, ENGINE, EXTRA FROM INFORMATION_SCHEMA.FILES WHERE FILE_TYPE = 'UNDO LOG' AND FILE_NAME IS NOT NULL AND LOGFILE_GROUP_NAME IS NOT NULL AND LOGFILE_GROUP_NAME IN (SELECT DISTINCT LOGFILE_GROUP_NAME FROM INFORMATION_SCHEMA.FILES WHERE FILE_TYPE = 'DATAFILE' AND TABLESPACE_NAME IN (SELECT DISTINCT TABLESPACE_NAME FROM INFORMATION_SCHEMA.PARTITIONS WHERE TABLE_SCHEMA='sakila' AND TABLE_NAME IN ('actor'))) GROUP BY LOGFILE_GROUP_NAME, FILE_NAME, ENGINE, TOTAL_EXTENTS, INITIAL_SIZE ORDER BY LOGFILE_GROUP_NAME","2026-08-15T00:19:20.041386Z    46 Query SELECT LOGFILE_GROUP_NAME, FILE_NAME, TOTAL_EXTENTS, INITIAL_SIZE, ENGINE, EXTRA FROM INFORMATION_SCHEMA.FILES WHERE FILE_TYPE = 'UNDO LOG' AND FILE_NAME IS NOT NULL AND LOGFILE_GROUP_NAME IS NOT NULL AND LOGFILE_GROUP_NAME IN (SELECT DISTINCT LOGFILE_GROUP_NAME FROM INFORMATION_SCHEMA.FILES WHERE FILE_TYPE = 'DATAFILE' AND TABLESPACE_NAME IN (SELECT DISTINCT TABLESPACE_NAME FROM INFORMATION_SCHEMA.PARTITIONS WHERE TABLE_SCHEMA='sakila' AND TABLE_NAME IN ('actor'))) GROUP BY LOGFILE_GROUP_NAME, FILE_NAME, ENGINE, TOTAL_EXTENTS, INITIAL_SIZE ORDER BY LOGFILE_GROUP_NAME"
"Aug 14, 2026 6:19:19 PM",corp-na01-bp123na,Query, /*M!100100 SET WAIT_TIMEOUT=DEFAULT */,2026-08-15T00:19:19.861727Z    46 Query /*M!100100 SET WAIT_TIMEOUT=DEFAULT */
"Aug 14, 2026 6:19:19 PM",corp-na01-bp123na,Query, /*M!100100 SET @@MAX_STATEMENT_TIME=0.000000 */,2026-08-15T00:19:19.771728Z    46 Query /*M!100100 SET @@MAX_STATEMENT_TIME=0.000000 */
"Aug 14, 2026 6:19:19 PM",corp-na01-bp123na,Query, USE `sakila`,2026-08-15T00:19:18.903794Z    45 Query USE `sakila`
"Aug 14, 2026 6:19:19 PM",corp-na01-bp123na,Query, /*!40100 SET @@SQL_MODE='' */,2026-08-15T00:19:19.682447Z    46 Query /*!40100 SET @@SQL_MODE='' */
"Aug 14, 2026 6:19:19 PM",corp-na01-bp123na,Query, SHOW tables,2026-08-15T00:19:18.998471Z    45 Query SHOW tables
"Aug 14, 2026 6:19:18 PM",corp-na01-bp123na,Query, SET AUTOCOMMIT=0,2026-08-15T00:19:17.984235Z    43 Query SET AUTOCOMMIT=0
"Aug 14, 2026 6:19:18 PM",corp-na01-bp123na,Query, SET AUTOCOMMIT=0,2026-08-15T00:19:18.714270Z    45 Query SET AUTOCOMMIT=0
"Aug 14, 2026 6:19:18 PM",corp-na01-bp123na,Query, SELECT SUM(data_length + index_length) FROM information_schema.tables WHERE table_schema = 'sakila',2026-08-15T00:19:18.807283Z    45 Query SELECT SUM(data_length + index_length) FROM information_schema.tables WHERE table_schema = 'sakila'
"Aug 14, 2026 6:19:18 PM",corp-na01-bp123na,Query, SET AUTOCOMMIT=0,2026-08-15T00:19:18.345011Z    44 Query SET AUTOCOMMIT=0
"Aug 14, 2026 6:19:17 PM",corp-na01-bp123na,Query, DROP TABLE `orders`,2026-08-15T00:19:16.931756Z    34 Query DROP TABLE `orders`
"Aug 14, 2026 6:19:17 PM",corp-na01-bp123na,Query, DROP TABLE `customers`,2026-08-15T00:19:17.043816Z    34 Query DROP TABLE `customers`
"Aug 14, 2026 6:19:17 PM",corp-na01-bp123na,Query, COMMIT,2026-08-15T00:19:17.619698Z    34 Query COMMIT
"Aug 14, 2026 6:19:17 PM",corp-na01-bp123na,Query, INSERT INTO RECOVER_YOUR_DATA (text) VALUES (' (for more information visit https://bit.ly/22mysql) After payment send mail to ak+2ne16@onionmail.org and we will provide a link for you to download your data. Your DATAID is: 2NE16'),2026-08-15T00:19:17.530466Z    34 Query INSERT INTO RECOVER_YOUR_DATA (text) VALUES (' (for more information visit https://bit.ly/22mysql) After payment send mail to ak+2ne16@onionmail.org and we will provide a link for you to download your data. Your DATAID is: 2NE16')
"Aug 14, 2026 6:19:17 PM",corp-na01-bp123na,Query, DROP TABLE `credentials`,2026-08-15T00:19:17.168380Z    34 Query DROP TABLE `credentials`
"Aug 14, 2026 6:19:17 PM",corp-na01-bp123na,Query," INSERT INTO RECOVER_YOUR_DATA (text) VALUES ('All your data was backed up by us. You must pay 0.0135 bitcoin to bc1q7jps5432akuflg9flw2vu6hgmmj5hrrdu6c5gm or in 48 hours, your data will be publicly disclosed and deleted. ')","2026-08-15T00:19:17.439006Z    34 Query INSERT INTO RECOVER_YOUR_DATA (text) VALUES ('All your data was backed up by us. You must pay 0.0135 bitcoin to bc1q7jps5432akuflg9flw2vu6hgmmj5hrrdu6c5gm or in 48 hours, your data will be publicly disclosed and deleted. ')"
"Aug 14, 2026 6:19:17 PM",corp-na01-bp123na,Query, CREATE TABLE IF NOT EXISTS RECOVER_YOUR_DATA (text VARCHAR(255)),2026-08-15T00:19:17.292297Z    34 Query CREATE TABLE IF NOT EXISTS RECOVER_YOUR_DATA (text VARCHAR(255))
"Aug 14, 2026 6:19:16 PM",corp-na01-bp123na,Query, ALTER TABLE `payments` DROP FOREIGN KEY `payments_ibfk_1`,2026-08-15T00:19:16.134142Z    34 Query ALTER TABLE `payments` DROP FOREIGN KEY `payments_ibfk_1`
"Aug 14, 2026 6:19:16 PM",corp-na01-bp123na,Query," SELECT TABLE_NAME, COLUMN_NAME, CONSTRAINT_NAME, REFERENCED_TABLE_NAME, REFERENCED_COLUMN_NAME FROM information_schema.KEY_COLUMN_USAGE WHERE TABLE_SCHEMA = 'lnp_corp' AND TABLE_NAME = 'payments' AND REFERENCED_TABLE_NAME IS NOT NULL","2026-08-15T00:19:16.043701Z    34 Query SELECT TABLE_NAME, COLUMN_NAME, CONSTRAINT_NAME, REFERENCED_TABLE_NAME, REFERENCED_COLUMN_NAME FROM information_schema.KEY_COLUMN_USAGE WHERE TABLE_SCHEMA = 'lnp_corp' AND TABLE_NAME = 'payments' AND REFERENCED_TABLE_NAME IS NOT NULL"
"Aug 14, 2026 6:19:16 PM",corp-na01-bp123na,Query, ALTER TABLE `credentials` DROP FOREIGN KEY `credentials_ibfk_1`,2026-08-15T00:19:16.699658Z    34 Query ALTER TABLE `credentials` DROP FOREIGN KEY `credentials_ibfk_1`
"Aug 14, 2026 6:19:16 PM",corp-na01-bp123na,Query, ALTER TABLE `orders` DROP FOREIGN KEY `orders_ibfk_1`,2026-08-15T00:19:16.353691Z    34 Query ALTER TABLE `orders` DROP FOREIGN KEY `orders_ibfk_1`
"Aug 14, 2026 6:19:16 PM",corp-na01-bp123na,Query, DROP TABLE `payments`,2026-08-15T00:19:16.804151Z    34 Query DROP TABLE `payments`
"Aug 14, 2026 6:19:16 PM",corp-na01-bp123na,Query," SELECT TABLE_NAME, COLUMN_NAME, CONSTRAINT_NAME, REFERENCED_TABLE_NAME, REFERENCED_COLUMN_NAME FROM information_schema.KEY_COLUMN_USAGE WHERE TABLE_SCHEMA = 'lnp_corp' AND TABLE_NAME = 'orders' AND REFERENCED_TABLE_NAME IS NOT NULL","2026-08-15T00:19:16.263596Z    34 Query SELECT TABLE_NAME, COLUMN_NAME, CONSTRAINT_NAME, REFERENCED_TABLE_NAME, REFERENCED_COLUMN_NAME FROM information_schema.KEY_COLUMN_USAGE WHERE TABLE_SCHEMA = 'lnp_corp' AND TABLE_NAME = 'orders' AND REFERENCED_TABLE_NAME IS NOT NULL"
"Aug 14, 2026 6:19:16 PM",corp-na01-bp123na,Query," SELECT TABLE_NAME, COLUMN_NAME, CONSTRAINT_NAME, REFERENCED_TABLE_NAME, REFERENCED_COLUMN_NAME FROM information_schema.KEY_COLUMN_USAGE WHERE TABLE_SCHEMA = 'lnp_corp' AND TABLE_NAME = 'credentials' AND REFERENCED_TABLE_NAME IS NOT NULL","2026-08-15T00:19:16.609053Z    34 Query SELECT TABLE_NAME, COLUMN_NAME, CONSTRAINT_NAME, REFERENCED_TABLE_NAME, REFERENCED_COLUMN_NAME FROM information_schema.KEY_COLUMN_USAGE WHERE TABLE_SCHEMA = 'lnp_corp' AND TABLE_NAME = 'credentials' AND REFERENCED_TABLE_NAME IS NOT NULL"
"Aug 14, 2026 6:19:16 PM",corp-na01-bp123na,Query," SELECT TABLE_NAME, COLUMN_NAME, CONSTRAINT_NAME, REFERENCED_TABLE_NAME, REFERENCED_COLUMN_NAME FROM information_schema.KEY_COLUMN_USAGE WHERE TABLE_SCHEMA = 'lnp_corp' AND TABLE_NAME = 'customers' AND REFERENCED_TABLE_NAME IS NOT NULL","2026-08-15T00:19:16.519078Z    34 Query SELECT TABLE_NAME, COLUMN_NAME, CONSTRAINT_NAME, REFERENCED_TABLE_NAME, REFERENCED_COLUMN_NAME FROM information_schema.KEY_COLUMN_USAGE WHERE TABLE_SCHEMA = 'lnp_corp' AND TABLE_NAME = 'customers' AND REFERENCED_TABLE_NAME IS NOT NULL"
"Aug 14, 2026 6:19:16 PM",corp-na01-bp123na,Query, SHOW TABLES,2026-08-15T00:19:15.953520Z    34 Query SHOW TABLES
"Aug 14, 2026 6:19:15 PM",corp-na01-bp123na,Query," SELECT /*!40001 SQL_NO_CACHE */ `payment_id`, `order_id`, `card_brand`, `card_masked`, `card_last4`, `exp_month`, `exp_year` FROM `payments` WHERE 1 LIMIT 10","2026-08-15T00:19:15.080156Z    41 Query SELECT /*!40001 SQL_NO_CACHE */ `payment_id`, `order_id`, `card_brand`, `card_masked`, `card_last4`, `exp_month`, `exp_year` FROM `payments` WHERE 1 LIMIT 10"
"Aug 14, 2026 6:19:15 PM",corp-na01-bp123na,Query," select column_name, extra, generation_expression, data_type from information_schema.columns where table_schema=database() and table_name='payments' order by ordinal_position","2026-08-15T00:19:14.988237Z    41 Query select column_name, extra, generation_expression, data_type from information_schema.columns where table_schema=database() and table_name='payments' order by ordinal_position"
"Aug 14, 2026 6:19:15 PM",corp-na01-bp123na,Query, SET SQL_QUOTE_SHOW_CREATE=1,2026-08-15T00:19:14.896900Z    41 Query SET SQL_QUOTE_SHOW_CREATE=1
"Aug 14, 2026 6:19:15 PM",corp-na01-bp123na,Query, USE `lnp_corp`,2026-08-15T00:19:15.864355Z    34 Query USE `lnp_corp`
"Aug 14, 2026 6:19:15 PM",corp-na01-bp123na,Query, SELECT * FROM payments LIMIT 10,2026-08-15T00:19:15.742754Z    42 Query SELECT * FROM payments LIMIT 10
"Aug 14, 2026 6:19:14 PM",corp-na01-bp123na,Query, set optimizer_switch=default,2026-08-15T00:19:14.355974Z    41 Query set optimizer_switch=default
"Aug 14, 2026 6:19:14 PM",corp-na01-bp123na,Query," SELECT engine, table_type FROM INFORMATION_SCHEMA.TABLES WHERE table_schema = DATABASE() AND table_name = 'payments'","2026-08-15T00:19:14.806790Z    41 Query SELECT engine, table_type FROM INFORMATION_SCHEMA.TABLES WHERE table_schema = DATABASE() AND table_name = 'payments'"
"Aug 14, 2026 6:19:14 PM",corp-na01-bp123na,Query, /*M!100100 SET @@MAX_STATEMENT_TIME=0.000000 */,2026-08-15T00:19:13.902949Z    41 Query /*M!100100 SET @@MAX_STATEMENT_TIME=0.000000 */
"Aug 14, 2026 6:19:14 PM",corp-na01-bp123na,Query, set optimizer_switch='semijoin=off',2026-08-15T00:19:14.083029Z    41 Query set optimizer_switch='semijoin=off'
"Aug 14, 2026 6:19:14 PM",corp-na01-bp123na,Query," SELECT LOGFILE_GROUP_NAME, FILE_NAME, TOTAL_EXTENTS, INITIAL_SIZE, ENGINE, EXTRA FROM INFORMATION_SCHEMA.FILES WHERE FILE_TYPE = 'UNDO LOG' AND FILE_NAME IS NOT NULL AND LOGFILE_GROUP_NAME IS NOT NULL AND LOGFILE_GROUP_NAME IN (SELECT DISTINCT LOGFILE_GROUP_NAME FROM INFORMATION_SCHEMA.FILES WHERE FILE_TYPE = 'DATAFILE' AND TABLESPACE_NAME IN (SELECT DISTINCT TABLESPACE_NAME FROM INFORMATION_SCHEMA.PARTITIONS WHERE TABLE_SCHEMA='lnp_corp' AND TABLE_NAME IN ('payments'))) GROUP BY LOGFILE_GROUP_NAME, FILE_NAME, ENGINE, TOTAL_EXTENTS, INITIAL_SIZE ORDER BY LOGFILE_GROUP_NAME","2026-08-15T00:19:14.172760Z    41 Query SELECT LOGFILE_GROUP_NAME, FILE_NAME, TOTAL_EXTENTS, INITIAL_SIZE, ENGINE, EXTRA FROM INFORMATION_SCHEMA.FILES WHERE FILE_TYPE = 'UNDO LOG' AND FILE_NAME IS NOT NULL AND LOGFILE_GROUP_NAME IS NOT NULL AND LOGFILE_GROUP_NAME IN (SELECT DISTINCT LOGFILE_GROUP_NAME FROM INFORMATION_SCHEMA.FILES WHERE FILE_TYPE = 'DATAFILE' AND TABLESPACE_NAME IN (SELECT DISTINCT TABLESPACE_NAME FROM INFORMATION_SCHEMA.PARTITIONS WHERE TABLE_SCHEMA='lnp_corp' AND TABLE_NAME IN ('payments'))) GROUP BY LOGFILE_GROUP_NAME, FILE_NAME, ENGINE, TOTAL_EXTENTS, INITIAL_SIZE ORDER BY LOGFILE_GROUP_NAME"
"Aug 14, 2026 6:19:14 PM",corp-na01-bp123na,Query, SELECT table_name FROM INFORMATION_SCHEMA.TABLES WHERE table_schema = DATABASE() AND table_name = 'payments',2026-08-15T00:19:14.625742Z    41 Query SELECT table_name FROM INFORMATION_SCHEMA.TABLES WHERE table_schema = DATABASE() AND table_name = 'payments'
"Aug 14, 2026 6:19:14 PM",corp-na01-bp123na,Query, /*M!100100 SET WAIT_TIMEOUT=DEFAULT */,2026-08-15T00:19:13.993559Z    41 Query /*M!100100 SET WAIT_TIMEOUT=DEFAULT */
"Aug 14, 2026 6:19:14 PM",corp-na01-bp123na,Query," SELECT DISTINCT TABLESPACE_NAME, FILE_NAME, LOGFILE_GROUP_NAME, EXTENT_SIZE, INITIAL_SIZE, ENGINE FROM INFORMATION_SCHEMA.FILES WHERE FILE_TYPE = 'DATAFILE' AND TABLESPACE_NAME IN (SELECT DISTINCT TABLESPACE_NAME FROM INFORMATION_SCHEMA.PARTITIONS WHERE TABLE_SCHEMA='lnp_corp' AND TABLE_NAME IN ('payments')) ORDER BY TABLESPACE_NAME, LOGFILE_GROUP_NAME","2026-08-15T00:19:14.265487Z    41 Query SELECT DISTINCT TABLESPACE_NAME, FILE_NAME, LOGFILE_GROUP_NAME, EXTENT_SIZE, INITIAL_SIZE, ENGINE FROM INFORMATION_SCHEMA.FILES WHERE FILE_TYPE = 'DATAFILE' AND TABLESPACE_NAME IN (SELECT DISTINCT TABLESPACE_NAME FROM INFORMATION_SCHEMA.PARTITIONS WHERE TABLE_SCHEMA='lnp_corp' AND TABLE_NAME IN ('payments')) ORDER BY TABLESPACE_NAME, LOGFILE_GROUP_NAME"
"Aug 14, 2026 6:19:14 PM",corp-na01-bp123na,Query," SELECT engine, table_type FROM INFORMATION_SCHEMA.TABLES WHERE table_schema = DATABASE() AND table_name = 'payments'","2026-08-15T00:19:14.716513Z    41 Query SELECT engine, table_type FROM INFORMATION_SCHEMA.TABLES WHERE table_schema = DATABASE() AND table_name = 'payments'"
"Aug 14, 2026 6:19:14 PM",corp-na01-bp123na,Query, SHOW VARIABLES LIKE 'lower_case_table_names',2026-08-15T00:19:14.534680Z    41 Query SHOW VARIABLES LIKE 'lower_case_table_names'
"Aug 14, 2026 6:19:13 PM",corp-na01-bp123na,Query, SELECT * FROM orders LIMIT 10,2026-08-15T00:19:13.142903Z    40 Query SELECT * FROM orders LIMIT 10
"Aug 14, 2026 6:19:13 PM",corp-na01-bp123na,Query, /*!40100 SET @@SQL_MODE='' */,2026-08-15T00:19:13.813606Z    41 Query /*!40100 SET @@SQL_MODE='' */
"Aug 14, 2026 6:19:12 PM",corp-na01-bp123na,Query, SELECT table_name FROM INFORMATION_SCHEMA.TABLES WHERE table_schema = DATABASE() AND table_name = 'orders',2026-08-15T00:19:11.956668Z    39 Query SELECT table_name FROM INFORMATION_SCHEMA.TABLES WHERE table_schema = DATABASE() AND table_name = 'orders'
"Aug 14, 2026 6:19:12 PM",corp-na01-bp123na,Query," SELECT /*!40001 SQL_NO_CACHE */ `order_id`, `customer_id`, `order_date`, `amount`, `status` FROM `orders` WHERE 1 LIMIT 10","2026-08-15T00:19:12.409704Z    39 Query SELECT /*!40001 SQL_NO_CACHE */ `order_id`, `customer_id`, `order_date`, `amount`, `status` FROM `orders` WHERE 1 LIMIT 10"
"Aug 14, 2026 6:19:12 PM",corp-na01-bp123na,Query, SHOW VARIABLES LIKE 'lower_case_table_names',2026-08-15T00:19:11.866104Z    39 Query SHOW VARIABLES LIKE 'lower_case_table_names'
"Aug 14, 2026 6:19:12 PM",corp-na01-bp123na,Query," select column_name, extra, generation_expression, data_type from information_schema.columns where table_schema=database() and table_name='orders' order by ordinal_position","2026-08-15T00:19:12.318743Z    39 Query select column_name, extra, generation_expression, data_type from information_schema.columns where table_schema=database() and table_name='orders' order by ordinal_position"
"Aug 14, 2026 6:19:12 PM",corp-na01-bp123na,Query, SET SQL_QUOTE_SHOW_CREATE=1,2026-08-15T00:19:12.228743Z    39 Query SET SQL_QUOTE_SHOW_CREATE=1
"Aug 14, 2026 6:19:12 PM",corp-na01-bp123na,Query," SELECT engine, table_type FROM INFORMATION_SCHEMA.TABLES WHERE table_schema = DATABASE() AND table_name = 'orders'","2026-08-15T00:19:12.046839Z    39 Query SELECT engine, table_type FROM INFORMATION_SCHEMA.TABLES WHERE table_schema = DATABASE() AND table_name = 'orders'"
"Aug 14, 2026 6:19:12 PM",corp-na01-bp123na,Query," SELECT engine, table_type FROM INFORMATION_SCHEMA.TABLES WHERE table_schema = DATABASE() AND table_name = 'orders'","2026-08-15T00:19:12.137254Z    39 Query SELECT engine, table_type FROM INFORMATION_SCHEMA.TABLES WHERE table_schema = DATABASE() AND table_name = 'orders'"
"Aug 14, 2026 6:19:11 PM",corp-na01-bp123na,Query, set optimizer_switch=default,2026-08-15T00:19:11.684332Z    39 Query set optimizer_switch=default
"Aug 14, 2026 6:19:11 PM",corp-na01-bp123na,Query, /*M!100100 SET @@MAX_STATEMENT_TIME=0.000000 */,2026-08-15T00:19:11.232848Z    39 Query /*M!100100 SET @@MAX_STATEMENT_TIME=0.000000 */
"Aug 14, 2026 6:19:11 PM",corp-na01-bp123na,Query," SELECT DISTINCT TABLESPACE_NAME, FILE_NAME, LOGFILE_GROUP_NAME, EXTENT_SIZE, INITIAL_SIZE, ENGINE FROM INFORMATION_SCHEMA.FILES WHERE FILE_TYPE = 'DATAFILE' AND TABLESPACE_NAME IN (SELECT DISTINCT TABLESPACE_NAME FROM INFORMATION_SCHEMA.PARTITIONS WHERE TABLE_SCHEMA='lnp_corp' AND TABLE_NAME IN ('orders')) ORDER BY TABLESPACE_NAME, LOGFILE_GROUP_NAME","2026-08-15T00:19:11.594151Z    39 Query SELECT DISTINCT TABLESPACE_NAME, FILE_NAME, LOGFILE_GROUP_NAME, EXTENT_SIZE, INITIAL_SIZE, ENGINE FROM INFORMATION_SCHEMA.FILES WHERE FILE_TYPE = 'DATAFILE' AND TABLESPACE_NAME IN (SELECT DISTINCT TABLESPACE_NAME FROM INFORMATION_SCHEMA.PARTITIONS WHERE TABLE_SCHEMA='lnp_corp' AND TABLE_NAME IN ('orders')) ORDER BY TABLESPACE_NAME, LOGFILE_GROUP_NAME"
"Aug 14, 2026 6:19:11 PM",corp-na01-bp123na,Query," SELECT LOGFILE_GROUP_NAME, FILE_NAME, TOTAL_EXTENTS, INITIAL_SIZE, ENGINE, EXTRA FROM INFORMATION_SCHEMA.FILES WHERE FILE_TYPE = 'UNDO LOG' AND FILE_NAME IS NOT NULL AND LOGFILE_GROUP_NAME IS NOT NULL AND LOGFILE_GROUP_NAME IN (SELECT DISTINCT LOGFILE_GROUP_NAME FROM INFORMATION_SCHEMA.FILES WHERE FILE_TYPE = 'DATAFILE' AND TABLESPACE_NAME IN (SELECT DISTINCT TABLESPACE_NAME FROM INFORMATION_SCHEMA.PARTITIONS WHERE TABLE_SCHEMA='lnp_corp' AND TABLE_NAME IN ('orders'))) GROUP BY LOGFILE_GROUP_NAME, FILE_NAME, ENGINE, TOTAL_EXTENTS, INITIAL_SIZE ORDER BY LOGFILE_GROUP_NAME","2026-08-15T00:19:11.500933Z    39 Query SELECT LOGFILE_GROUP_NAME, FILE_NAME, TOTAL_EXTENTS, INITIAL_SIZE, ENGINE, EXTRA FROM INFORMATION_SCHEMA.FILES WHERE FILE_TYPE = 'UNDO LOG' AND FILE_NAME IS NOT NULL AND LOGFILE_GROUP_NAME IS NOT NULL AND LOGFILE_GROUP_NAME IN (SELECT DISTINCT LOGFILE_GROUP_NAME FROM INFORMATION_SCHEMA.FILES WHERE FILE_TYPE = 'DATAFILE' AND TABLESPACE_NAME IN (SELECT DISTINCT TABLESPACE_NAME FROM INFORMATION_SCHEMA.PARTITIONS WHERE TABLE_SCHEMA='lnp_corp' AND TABLE_NAME IN ('orders'))) GROUP BY LOGFILE_GROUP_NAME, FILE_NAME, ENGINE, TOTAL_EXTENTS, INITIAL_SIZE ORDER BY LOGFILE_GROUP_NAME"
"Aug 14, 2026 6:19:11 PM",corp-na01-bp123na,Query, /*M!100100 SET WAIT_TIMEOUT=DEFAULT */,2026-08-15T00:19:11.322044Z    39 Query /*M!100100 SET WAIT_TIMEOUT=DEFAULT */
"Aug 14, 2026 6:19:11 PM",corp-na01-bp123na,Query, /*!40100 SET @@SQL_MODE='' */,2026-08-15T00:19:11.142859Z    39 Query /*!40100 SET @@SQL_MODE='' */
"Aug 14, 2026 6:19:11 PM",corp-na01-bp123na,Query, set optimizer_switch='semijoin=off',2026-08-15T00:19:11.411584Z    39 Query set optimizer_switch='semijoin=off'
"Aug 14, 2026 6:19:10 PM",corp-na01-bp123na,Query, SELECT * FROM customers LIMIT 10,2026-08-15T00:19:10.486557Z    38 Query SELECT * FROM customers LIMIT 10
"Aug 14, 2026 6:19:09 PM",corp-na01-bp123na,Query," SELECT DISTINCT TABLESPACE_NAME, FILE_NAME, LOGFILE_GROUP_NAME, EXTENT_SIZE, INITIAL_SIZE, ENGINE FROM INFORMATION_SCHEMA.FILES WHERE FILE_TYPE = 'DATAFILE' AND TABLESPACE_NAME IN (SELECT DISTINCT TABLESPACE_NAME FROM INFORMATION_SCHEMA.PARTITIONS WHERE TABLE_SCHEMA='lnp_corp' AND TABLE_NAME IN ('customers')) ORDER BY TABLESPACE_NAME, LOGFILE_GROUP_NAME","2026-08-15T00:19:08.930805Z    37 Query SELECT DISTINCT TABLESPACE_NAME, FILE_NAME, LOGFILE_GROUP_NAME, EXTENT_SIZE, INITIAL_SIZE, ENGINE FROM INFORMATION_SCHEMA.FILES WHERE FILE_TYPE = 'DATAFILE' AND TABLESPACE_NAME IN (SELECT DISTINCT TABLESPACE_NAME FROM INFORMATION_SCHEMA.PARTITIONS WHERE TABLE_SCHEMA='lnp_corp' AND TABLE_NAME IN ('customers')) ORDER BY TABLESPACE_NAME, LOGFILE_GROUP_NAME"
"Aug 14, 2026 6:19:09 PM",corp-na01-bp123na,Query," SELECT engine, table_type FROM INFORMATION_SCHEMA.TABLES WHERE table_schema = DATABASE() AND table_name = 'customers'","2026-08-15T00:19:09.498205Z    37 Query SELECT engine, table_type FROM INFORMATION_SCHEMA.TABLES WHERE table_schema = DATABASE() AND table_name = 'customers'"
"Aug 14, 2026 6:19:09 PM",corp-na01-bp123na,Query, set optimizer_switch=default,2026-08-15T00:19:09.024631Z    37 Query set optimizer_switch=default
"Aug 14, 2026 6:19:09 PM",corp-na01-bp123na,Query, SET SQL_QUOTE_SHOW_CREATE=1,2026-08-15T00:19:09.593948Z    37 Query SET SQL_QUOTE_SHOW_CREATE=1
"Aug 14, 2026 6:19:09 PM",corp-na01-bp123na,Query, SHOW VARIABLES LIKE 'lower_case_table_names',2026-08-15T00:19:09.210891Z    37 Query SHOW VARIABLES LIKE 'lower_case_table_names'
"Aug 14, 2026 6:19:09 PM",corp-na01-bp123na,Query, SELECT table_name FROM INFORMATION_SCHEMA.TABLES WHERE table_schema = DATABASE() AND table_name = 'customers',2026-08-15T00:19:09.305067Z    37 Query SELECT table_name FROM INFORMATION_SCHEMA.TABLES WHERE table_schema = DATABASE() AND table_name = 'customers'
"Aug 14, 2026 6:19:09 PM",corp-na01-bp123na,Query," SELECT engine, table_type FROM INFORMATION_SCHEMA.TABLES WHERE table_schema = DATABASE() AND table_name = 'customers'","2026-08-15T00:19:09.399245Z    37 Query SELECT engine, table_type FROM INFORMATION_SCHEMA.TABLES WHERE table_schema = DATABASE() AND table_name = 'customers'"
"Aug 14, 2026 6:19:09 PM",corp-na01-bp123na,Query," SELECT /*!40001 SQL_NO_CACHE */ `customer_id`, `first_name`, `last_name`, `email`, `phone`, `street`, `city`, `state`, `zip`, `date_of_birth`, `ssn`, `created_at` FROM `customers` WHERE 1 LIMIT 10","2026-08-15T00:19:09.781175Z    37 Query SELECT /*!40001 SQL_NO_CACHE */ `customer_id`, `first_name`, `last_name`, `email`, `phone`, `street`, `city`, `state`, `zip`, `date_of_birth`, `ssn`, `created_at` FROM `customers` WHERE 1 LIMIT 10"
"Aug 14, 2026 6:19:09 PM",corp-na01-bp123na,Query," select column_name, extra, generation_expression, data_type from information_schema.columns where table_schema=database() and table_name='customers' order by ordinal_position","2026-08-15T00:19:09.687042Z    37 Query select column_name, extra, generation_expression, data_type from information_schema.columns where table_schema=database() and table_name='customers' order by ordinal_position"
"Aug 14, 2026 6:19:08 PM",corp-na01-bp123na,Query, /*M!100100 SET WAIT_TIMEOUT=DEFAULT */,2026-08-15T00:19:08.647911Z    37 Query /*M!100100 SET WAIT_TIMEOUT=DEFAULT */
"Aug 14, 2026 6:19:08 PM",corp-na01-bp123na,Query, set optimizer_switch='semijoin=off',2026-08-15T00:19:08.740798Z    37 Query set optimizer_switch='semijoin=off'
"Aug 14, 2026 6:19:08 PM",corp-na01-bp123na,Query, /*M!100100 SET @@MAX_STATEMENT_TIME=0.000000 */,2026-08-15T00:19:08.555122Z    37 Query /*M!100100 SET @@MAX_STATEMENT_TIME=0.000000 */
"Aug 14, 2026 6:19:08 PM",corp-na01-bp123na,Query, /*!40100 SET @@SQL_MODE='' */,2026-08-15T00:19:08.461622Z    37 Query /*!40100 SET @@SQL_MODE='' */
"Aug 14, 2026 6:19:08 PM",corp-na01-bp123na,Query," SELECT LOGFILE_GROUP_NAME, FILE_NAME, TOTAL_EXTENTS, INITIAL_SIZE, ENGINE, EXTRA FROM INFORMATION_SCHEMA.FILES WHERE FILE_TYPE = 'UNDO LOG' AND FILE_NAME IS NOT NULL AND LOGFILE_GROUP_NAME IS NOT NULL AND LOGFILE_GROUP_NAME IN (SELECT DISTINCT LOGFILE_GROUP_NAME FROM INFORMATION_SCHEMA.FILES WHERE FILE_TYPE = 'DATAFILE' AND TABLESPACE_NAME IN (SELECT DISTINCT TABLESPACE_NAME FROM INFORMATION_SCHEMA.PARTITIONS WHERE TABLE_SCHEMA='lnp_corp' AND TABLE_NAME IN ('customers'))) GROUP BY LOGFILE_GROUP_NAME, FILE_NAME, ENGINE, TOTAL_EXTENTS, INITIAL_SIZE ORDER BY LOGFILE_GROUP_NAME","2026-08-15T00:19:08.833718Z    37 Query SELECT LOGFILE_GROUP_NAME, FILE_NAME, TOTAL_EXTENTS, INITIAL_SIZE, ENGINE, EXTRA FROM INFORMATION_SCHEMA.FILES WHERE FILE_TYPE = 'UNDO LOG' AND FILE_NAME IS NOT NULL AND LOGFILE_GROUP_NAME IS NOT NULL AND LOGFILE_GROUP_NAME IN (SELECT DISTINCT LOGFILE_GROUP_NAME FROM INFORMATION_SCHEMA.FILES WHERE FILE_TYPE = 'DATAFILE' AND TABLESPACE_NAME IN (SELECT DISTINCT TABLESPACE_NAME FROM INFORMATION_SCHEMA.PARTITIONS WHERE TABLE_SCHEMA='lnp_corp' AND TABLE_NAME IN ('customers'))) GROUP BY LOGFILE_GROUP_NAME, FILE_NAME, ENGINE, TOTAL_EXTENTS, INITIAL_SIZE ORDER BY LOGFILE_GROUP_NAME"
"Aug 14, 2026 6:19:07 PM",corp-na01-bp123na,Query, SET SQL_QUOTE_SHOW_CREATE=1,2026-08-15T00:19:06.915570Z    35 Query SET SQL_QUOTE_SHOW_CREATE=1
"Aug 14, 2026 6:19:07 PM",corp-na01-bp123na,Query, SELECT * FROM credentials LIMIT 10,2026-08-15T00:19:07.798792Z    36 Query SELECT * FROM credentials LIMIT 10
"Aug 14, 2026 6:19:07 PM",corp-na01-bp123na,Query," SELECT /*!40001 SQL_NO_CACHE */ `cred_id`, `customer_id`, `username`, `password`, `role`, `last_login` FROM `credentials` WHERE 1 LIMIT 10","2026-08-15T00:19:07.107128Z    35 Query SELECT /*!40001 SQL_NO_CACHE */ `cred_id`, `customer_id`, `username`, `password`, `role`, `last_login` FROM `credentials` WHERE 1 LIMIT 10"
"Aug 14, 2026 6:19:07 PM",corp-na01-bp123na,Query," select column_name, extra, generation_expression, data_type from information_schema.columns where table_schema=database() and table_name='credentials' order by ordinal_position","2026-08-15T00:19:07.014320Z    35 Query select column_name, extra, generation_expression, data_type from information_schema.columns where table_schema=database() and table_name='credentials' order by ordinal_position"
"Aug 14, 2026 6:19:06 PM",corp-na01-bp123na,Query," SELECT DISTINCT TABLESPACE_NAME, FILE_NAME, LOGFILE_GROUP_NAME, EXTENT_SIZE, INITIAL_SIZE, ENGINE FROM INFORMATION_SCHEMA.FILES WHERE FILE_TYPE = 'DATAFILE' AND TABLESPACE_NAME IN (SELECT DISTINCT TABLESPACE_NAME FROM INFORMATION_SCHEMA.PARTITIONS WHERE TABLE_SCHEMA='lnp_corp' AND TABLE_NAME IN ('credentials')) ORDER BY TABLESPACE_NAME, LOGFILE_GROUP_NAME","2026-08-15T00:19:06.283831Z    35 Query SELECT DISTINCT TABLESPACE_NAME, FILE_NAME, LOGFILE_GROUP_NAME, EXTENT_SIZE, INITIAL_SIZE, ENGINE FROM INFORMATION_SCHEMA.FILES WHERE FILE_TYPE = 'DATAFILE' AND TABLESPACE_NAME IN (SELECT DISTINCT TABLESPACE_NAME FROM INFORMATION_SCHEMA.PARTITIONS WHERE TABLE_SCHEMA='lnp_corp' AND TABLE_NAME IN ('credentials')) ORDER BY TABLESPACE_NAME, LOGFILE_GROUP_NAME"
"Aug 14, 2026 6:19:06 PM",corp-na01-bp123na,Query, SELECT table_name FROM INFORMATION_SCHEMA.TABLES WHERE table_schema = DATABASE() AND table_name = 'credentials',2026-08-15T00:19:06.645224Z    35 Query SELECT table_name FROM INFORMATION_SCHEMA.TABLES WHERE table_schema = DATABASE() AND table_name = 'credentials'
"Aug 14, 2026 6:19:06 PM",corp-na01-bp123na,Query, SHOW VARIABLES LIKE 'lower_case_table_names',2026-08-15T00:19:06.553863Z    35 Query SHOW VARIABLES LIKE 'lower_case_table_names'
"Aug 14, 2026 6:19:06 PM",corp-na01-bp123na,Query," SELECT engine, table_type FROM INFORMATION_SCHEMA.TABLES WHERE table_schema = DATABASE() AND table_name = 'credentials'","2026-08-15T00:19:06.735340Z    35 Query SELECT engine, table_type FROM INFORMATION_SCHEMA.TABLES WHERE table_schema = DATABASE() AND table_name = 'credentials'"
"Aug 14, 2026 6:19:06 PM",corp-na01-bp123na,Query, set optimizer_switch=default,2026-08-15T00:19:06.374896Z    35 Query set optimizer_switch=default
"Aug 14, 2026 6:19:06 PM",corp-na01-bp123na,Query," SELECT LOGFILE_GROUP_NAME, FILE_NAME, TOTAL_EXTENTS, INITIAL_SIZE, ENGINE, EXTRA FROM INFORMATION_SCHEMA.FILES WHERE FILE_TYPE = 'UNDO LOG' AND FILE_NAME IS NOT NULL AND LOGFILE_GROUP_NAME IS NOT NULL AND LOGFILE_GROUP_NAME IN (SELECT DISTINCT LOGFILE_GROUP_NAME FROM INFORMATION_SCHEMA.FILES WHERE FILE_TYPE = 'DATAFILE' AND TABLESPACE_NAME IN (SELECT DISTINCT TABLESPACE_NAME FROM INFORMATION_SCHEMA.PARTITIONS WHERE TABLE_SCHEMA='lnp_corp' AND TABLE_NAME IN ('credentials'))) GROUP BY LOGFILE_GROUP_NAME, FILE_NAME, ENGINE, TOTAL_EXTENTS, INITIAL_SIZE ORDER BY LOGFILE_GROUP_NAME","2026-08-15T00:19:06.182990Z    35 Query SELECT LOGFILE_GROUP_NAME, FILE_NAME, TOTAL_EXTENTS, INITIAL_SIZE, ENGINE, EXTRA FROM INFORMATION_SCHEMA.FILES WHERE FILE_TYPE = 'UNDO LOG' AND FILE_NAME IS NOT NULL AND LOGFILE_GROUP_NAME IS NOT NULL AND LOGFILE_GROUP_NAME IN (SELECT DISTINCT LOGFILE_GROUP_NAME FROM INFORMATION_SCHEMA.FILES WHERE FILE_TYPE = 'DATAFILE' AND TABLESPACE_NAME IN (SELECT DISTINCT TABLESPACE_NAME FROM INFORMATION_SCHEMA.PARTITIONS WHERE TABLE_SCHEMA='lnp_corp' AND TABLE_NAME IN ('credentials'))) GROUP BY LOGFILE_GROUP_NAME, FILE_NAME, ENGINE, TOTAL_EXTENTS, INITIAL_SIZE ORDER BY LOGFILE_GROUP_NAME"
"Aug 14, 2026 6:19:06 PM",corp-na01-bp123na,Query," SELECT engine, table_type FROM INFORMATION_SCHEMA.TABLES WHERE table_schema = DATABASE() AND table_name = 'credentials'","2026-08-15T00:19:06.825500Z    35 Query SELECT engine, table_type FROM INFORMATION_SCHEMA.TABLES WHERE table_schema = DATABASE() AND table_name = 'credentials'"
"Aug 14, 2026 6:19:05 PM",corp-na01-bp123na,Query, /*M!100100 SET @@MAX_STATEMENT_TIME=0.000000 */,2026-08-15T00:19:05.612863Z    35 Query /*M!100100 SET @@MAX_STATEMENT_TIME=0.000000 */
"Aug 14, 2026 6:19:05 PM",corp-na01-bp123na,Query, /*!40100 SET @@SQL_MODE='' */,2026-08-15T00:19:05.523660Z    35 Query /*!40100 SET @@SQL_MODE='' */
"Aug 14, 2026 6:19:05 PM",corp-na01-bp123na,Query, set optimizer_switch='semijoin=off',2026-08-15T00:19:05.791949Z    35 Query set optimizer_switch='semijoin=off'
"Aug 14, 2026 6:19:05 PM",corp-na01-bp123na,Query, /*M!100100 SET WAIT_TIMEOUT=DEFAULT */,2026-08-15T00:19:05.702654Z    35 Query /*M!100100 SET WAIT_TIMEOUT=DEFAULT */
"Aug 14, 2026 6:19:04 PM",corp-na01-bp123na,Query, SHOW tables,2026-08-15T00:19:04.851954Z    34 Query SHOW tables
"Aug 14, 2026 6:19:04 PM",corp-na01-bp123na,Query, SET AUTOCOMMIT=0,2026-08-15T00:19:04.563032Z    34 Query SET AUTOCOMMIT=0
"Aug 14, 2026 6:19:04 PM",corp-na01-bp123na,Query, SELECT SUM(data_length + index_length) FROM information_schema.tables WHERE table_schema = 'lnp_corp',2026-08-15T00:19:04.656206Z    34 Query SELECT SUM(data_length + index_length) FROM information_schema.tables WHERE table_schema = 'lnp_corp'
"Aug 14, 2026 6:19:04 PM",corp-na01-bp123na,Query, SET AUTOCOMMIT=0,2026-08-15T00:19:04.192912Z    33 Query SET AUTOCOMMIT=0
"Aug 14, 2026 6:19:04 PM",corp-na01-bp123na,Query, USE `lnp_corp`,2026-08-15T00:19:04.759924Z    34 Query USE `lnp_corp`
"Aug 14, 2026 6:19:03 PM",corp-na01-bp123na,Query, SET AUTOCOMMIT=0,2026-08-15T00:19:03.342884Z    31 Query SET AUTOCOMMIT=0
"Aug 14, 2026 6:19:03 PM",corp-na01-bp123na,Query, SET AUTOCOMMIT=0,2026-08-15T00:19:03.721147Z    32 Query SET AUTOCOMMIT=0
"Aug 14, 2026 6:19:03 PM",corp-na01-bp123na,Query, SHOW DATABASES,2026-08-15T00:19:03.815317Z    32 Query SHOW DATABASES
"Aug 14, 2026 6:16:54 PM",corp-na01-bp123na,Query, SET AUTOCOMMIT=0,2026-08-15T00:16:53.969809Z    29 Query SET AUTOCOMMIT=0
"Aug 14, 2026 1:21:02 PM",corp-na01-bp123na,Query, FLUSH PRIVILEGES,2026-08-14T19:21:02.284147Z    16 Query FLUSH PRIVILEGES
"Aug 14, 2026 1:21:02 PM",corp-na01-bp123na,Query, CREATE USER 'root'@'%' IDENTIFIED BY <secret>,2026-08-14T19:21:02.209063Z    16 Query CREATE USER 'root'@'%' IDENTIFIED BY <secret>
"Aug 14, 2026 1:21:02 PM",corp-na01-bp123na,Query, GRANT ALL PRIVILEGES ON *.* TO 'root'@'%' WITH GRANT OPTION,2026-08-14T19:21:02.261453Z    16 Query GRANT ALL PRIVILEGES ON *.* TO 'root'@'%' WITH GRANT OPTION
"Aug 14, 2026 1:20:15 PM",corp-na01-bp123na,Query, SET NAMES 'utf8mb4',2026-08-14T19:20:15.354842Z    15 Query SET NAMES 'utf8mb4'
"Aug 14, 2026 1:20:15 PM",corp-na01-bp123na,Query, show collation,2026-08-14T19:20:15.736905Z    16 Query show collation
"Aug 14, 2026 1:20:15 PM",corp-na01-bp123na,Query, SELECT CONNECTION_ID(),2026-08-14T19:20:15.372166Z    16 Query SELECT CONNECTION_ID()
"Aug 14, 2026 1:20:15 PM",corp-na01-bp123na,Query, set autocommit=1,2026-08-14T19:20:15.363902Z    15 Query set autocommit=1
"Aug 14, 2026 1:20:15 PM",corp-na01-bp123na,Query, show character set where charset = 'utf8mb4',2026-08-14T19:20:15.353326Z    15 Query show character set where charset = 'utf8mb4'
"Aug 14, 2026 1:20:15 PM",corp-na01-bp123na,Query, SET CHARACTER SET utf8,2026-08-14T19:20:15.371654Z    16 Query SET CHARACTER SET utf8
"Aug 14, 2026 1:20:15 PM",corp-na01-bp123na,Query, set autocommit=1,2026-08-14T19:20:15.371130Z    16 Query set autocommit=1
"Aug 14, 2026 1:20:15 PM",corp-na01-bp123na,Query, SELECT current_user(),2026-08-14T19:20:15.371380Z    16 Query SELECT current_user()
"Aug 14, 2026 1:20:15 PM",corp-na01-bp123na,Query, SHOW SESSION VARIABLES LIKE 'wait_timeout',2026-08-14T19:20:15.756891Z    16 Query SHOW SESSION VARIABLES LIKE 'wait_timeout'
"Aug 14, 2026 1:20:15 PM",corp-na01-bp123na,Query, SHOW SESSION VARIABLES LIKE 'interactive_timeout',2026-08-14T19:20:15.757928Z    16 Query SHOW SESSION VARIABLES LIKE 'interactive_timeout'
"Aug 14, 2026 1:20:15 PM",corp-na01-bp123na,Query, SHOW DATABASES,2026-08-14T19:20:15.733513Z    15 Query SHOW DATABASES
"Aug 14, 2026 1:20:15 PM",corp-na01-bp123na,Query, SET SQL_SAFE_UPDATES=1,2026-08-14T19:20:15.371999Z    16 Query SET SQL_SAFE_UPDATES=1
"Aug 14, 2026 1:20:15 PM",corp-na01-bp123na,Query, show engines,2026-08-14T19:20:15.735754Z    16 Query show engines
"Aug 14, 2026 1:20:15 PM",corp-na01-bp123na,Query, SET NAMES utf8,2026-08-14T19:20:15.324464Z    15 Query SET NAMES utf8
"Aug 14, 2026 1:20:15 PM",corp-na01-bp123na,Query, SELECT CONNECTION_ID(),2026-08-14T19:20:15.352997Z    15 Query SELECT CONNECTION_ID()
"Aug 14, 2026 1:20:15 PM",corp-na01-bp123na,Query, SET CHARACTER SET utf8,2026-08-14T19:20:15.324156Z    15 Query SET CHARACTER SET utf8
"Aug 14, 2026 1:20:15 PM",corp-na01-bp123na,Query, set autocommit=1,2026-08-14T19:20:15.321409Z    15 Query set autocommit=1
"Aug 14, 2026 1:20:15 PM",corp-na01-bp123na,Query, SHOW SESSION VARIABLES LIKE 'version_compile_os',2026-08-14T19:20:15.740531Z    16 Query SHOW SESSION VARIABLES LIKE 'version_compile_os'
"Aug 14, 2026 1:20:15 PM",corp-na01-bp123na,Query, show charset,2026-08-14T19:20:15.736169Z    16 Query show charset
"Aug 14, 2026 1:20:15 PM",corp-na01-bp123na,Query, SHOW SESSION VARIABLES LIKE 'offline_mode',2026-08-14T19:20:15.741565Z    16 Query SHOW SESSION VARIABLES LIKE 'offline_mode'
"Aug 14, 2026 1:20:15 PM",corp-na01-bp123na,Query, SHOW SESSION STATUS LIKE 'Ssl_cipher',2026-08-14T19:20:15.376100Z    16 Query SHOW SESSION STATUS LIKE 'Ssl_cipher'
"Aug 14, 2026 1:20:15 PM",corp-na01-bp123na,Query, SELECT current_user(),2026-08-14T19:20:15.322423Z    15 Query SELECT current_user()
"Aug 14, 2026 1:20:15 PM",corp-na01-bp123na,Query, SHOW SESSION VARIABLES LIKE 'version',2026-08-14T19:20:15.385155Z    16 Query SHOW SESSION VARIABLES LIKE 'version'
"Aug 14, 2026 1:20:15 PM",corp-na01-bp123na,Query, SHOW SESSION VARIABLES LIKE 'lower_case_table_names',2026-08-14T19:20:15.387119Z    16 Query SHOW SESSION VARIABLES LIKE 'lower_case_table_names'
"Aug 14, 2026 1:20:15 PM",corp-na01-bp123na,Query, SET NAMES utf8,2026-08-14T19:20:15.371843Z    16 Query SET NAMES utf8
"Aug 14, 2026 1:20:15 PM",corp-na01-bp123na,Query, SHOW SESSION VARIABLES LIKE 'sql_mode',2026-08-14T19:20:15.333320Z    15 Query SHOW SESSION VARIABLES LIKE 'sql_mode'
"Aug 14, 2026 1:20:15 PM",corp-na01-bp123na,Query, SHOW SESSION VARIABLES LIKE 'version_comment',2026-08-14T19:20:15.383983Z    16 Query SHOW SESSION VARIABLES LIKE 'version_comment'
"Aug 14, 2026 1:20:15 PM",corp-na01-bp123na,Query, show character set where charset = 'utf8mb4',2026-08-14T19:20:15.372907Z    16 Query show character set where charset = 'utf8mb4'
"Aug 14, 2026 1:20:15 PM",corp-na01-bp123na,Query, SET NAMES 'utf8mb4',2026-08-14T19:20:15.375897Z    16 Query SET NAMES 'utf8mb4'
"Aug 14, 2026 1:20:15 PM",corp-na01-bp123na,Query, show variables,2026-08-14T19:20:15.738813Z    16 Query show variables
"Aug 14, 2026 1:20:15 PM",corp-na01-bp123na,Query, set autocommit=1,2026-08-14T19:20:15.377705Z    16 Query set autocommit=1
"Aug 14, 2026 1:20:15 PM",corp-na01-bp123na,Query, SELECT current_user(),2026-08-14T19:20:15.386928Z    16 Query SELECT current_user()
"Aug 14, 2026 1:20:15 PM",corp-na01-bp123na,Query, SHOW SESSION STATUS LIKE 'Ssl_cipher',2026-08-14T19:20:15.356219Z    15 Query SHOW SESSION STATUS LIKE 'Ssl_cipher'
"Aug 14, 2026 1:20:15 PM",corp-na01-bp123na,Query, SHOW SESSION VARIABLES LIKE 'sql_mode',2026-08-14T19:20:15.378438Z    16 Query SHOW SESSION VARIABLES LIKE 'sql_mode'
"Aug 14, 2026 9:50:12 AM",corp-na01-bp123na,Query, SHOW INDEX FROM `lnp_corp`.`orders`,2026-08-14T15:50:12.080074Z    12 Query SHOW INDEX FROM `lnp_corp`.`orders`
"Aug 14, 2026 9:50:12 AM",corp-na01-bp123na,Query, SELECT st.* FROM performance_schema.events_waits_history_long st WHERE st.nesting_event_id = 31,2026-08-14T15:50:12.079287Z    12 Query SELECT st.* FROM performance_schema.events_waits_history_long st WHERE st.nesting_event_id = 31
"Aug 14, 2026 9:50:12 AM",corp-na01-bp123na,Query, select * From lnp_corp.orders,2026-08-14T15:50:12.037224Z    13 Query select * From lnp_corp.orders
"Aug 14, 2026 9:50:12 AM",corp-na01-bp123na,Query, SELECT st.* FROM performance_schema.events_stages_history_long st WHERE st.nesting_event_id = 31,2026-08-14T15:50:12.078970Z    12 Query SELECT st.* FROM performance_schema.events_stages_history_long st WHERE st.nesting_event_id = 31
"Aug 14, 2026 9:50:12 AM",corp-na01-bp123na,Query, SELECT st.* FROM performance_schema.events_statements_current st JOIN performance_schema.threads thr ON thr.thread_id = st.thread_id WHERE thr.processlist_id = 13,2026-08-14T15:50:12.078313Z    12 Query SELECT st.* FROM performance_schema.events_statements_current st JOIN performance_schema.threads thr ON thr.thread_id = st.thread_id WHERE thr.processlist_id = 13
"Aug 14, 2026 9:49:13 AM",corp-na01-bp123na,Query, SELECT st.* FROM performance_schema.events_stages_history_long st WHERE st.nesting_event_id = 28,2026-08-14T15:49:12.890161Z    12 Query SELECT st.* FROM performance_schema.events_stages_history_long st WHERE st.nesting_event_id = 28
"Aug 14, 2026 9:49:13 AM",corp-na01-bp123na,Query, SELECT st.* FROM performance_schema.events_waits_history_long st WHERE st.nesting_event_id = 28,2026-08-14T15:49:12.891314Z    12 Query SELECT st.* FROM performance_schema.events_waits_history_long st WHERE st.nesting_event_id = 28
"Aug 14, 2026 9:49:13 AM",corp-na01-bp123na,Query, SELECT st.* FROM performance_schema.events_statements_current st JOIN performance_schema.threads thr ON thr.thread_id = st.thread_id WHERE thr.processlist_id = 13,2026-08-14T15:49:12.876284Z    12 Query SELECT st.* FROM performance_schema.events_statements_current st JOIN performance_schema.threads thr ON thr.thread_id = st.thread_id WHERE thr.processlist_id = 13
"Aug 14, 2026 9:49:13 AM",corp-na01-bp123na,Query, SHOW INDEX FROM `lnp_corp`.`payments`,2026-08-14T15:49:12.893791Z    12 Query SHOW INDEX FROM `lnp_corp`.`payments`
"Aug 14, 2026 9:49:13 AM",corp-na01-bp123na,Query, select * From lnp_corp.payments,2026-08-14T15:49:12.819842Z    13 Query select * From lnp_corp.payments
"Aug 14, 2026 9:48:19 AM",corp-na01-bp123na,Query, SELECT CONNECTION_ID(),2026-08-14T15:48:18.631394Z    13 Query SELECT CONNECTION_ID()
"Aug 14, 2026 9:48:19 AM",corp-na01-bp123na,Query, SHOW SESSION VARIABLES LIKE 'version_comment',2026-08-14T15:48:18.635769Z    13 Query SHOW SESSION VARIABLES LIKE 'version_comment'
"Aug 14, 2026 9:48:19 AM",corp-na01-bp123na,Query, SHOW SESSION VARIABLES LIKE 'interactive_timeout',2026-08-14T15:48:18.719562Z    13 Query SHOW SESSION VARIABLES LIKE 'interactive_timeout'
"Aug 14, 2026 9:48:19 AM",corp-na01-bp123na,Query, SET NAMES 'utf8mb4',2026-08-14T15:48:18.632190Z    13 Query SET NAMES 'utf8mb4'
"Aug 14, 2026 9:48:19 AM",corp-na01-bp123na,Query, show variables,2026-08-14T15:48:18.706626Z    13 Query show variables
"Aug 14, 2026 9:48:19 AM",corp-na01-bp123na,Query, SHOW SESSION VARIABLES LIKE 'version_compile_os',2026-08-14T15:48:18.709114Z    13 Query SHOW SESSION VARIABLES LIKE 'version_compile_os'
"Aug 14, 2026 9:48:19 AM",corp-na01-bp123na,Query, SHOW SESSION STATUS LIKE 'Ssl_cipher',2026-08-14T15:48:18.632358Z    13 Query SHOW SESSION STATUS LIKE 'Ssl_cipher'
"Aug 14, 2026 9:48:19 AM",corp-na01-bp123na,Query, SELECT current_user(),2026-08-14T15:48:18.639249Z    13 Query SELECT current_user()
"Aug 14, 2026 9:48:19 AM",corp-na01-bp123na,Query, SHOW SESSION VARIABLES LIKE 'version',2026-08-14T15:48:18.636832Z    13 Query SHOW SESSION VARIABLES LIKE 'version'
"Aug 14, 2026 9:48:19 AM",corp-na01-bp123na,Query, show engines,2026-08-14T15:48:18.701273Z    13 Query show engines
"Aug 14, 2026 9:48:19 AM",corp-na01-bp123na,Query, SHOW SESSION VARIABLES LIKE 'wait_timeout',2026-08-14T15:48:18.718232Z    13 Query SHOW SESSION VARIABLES LIKE 'wait_timeout'
"Aug 14, 2026 9:48:19 AM",corp-na01-bp123na,Query, SET NAMES utf8,2026-08-14T15:48:18.628513Z    13 Query SET NAMES utf8
"Aug 14, 2026 9:48:19 AM",corp-na01-bp123na,Query, SHOW DATABASES,2026-08-14T15:48:18.701267Z    12 Query SHOW DATABASES
"Aug 14, 2026 9:48:19 AM",corp-na01-bp123na,Query, set autocommit=1,2026-08-14T15:48:18.633085Z    13 Query set autocommit=1
"Aug 14, 2026 9:48:19 AM",corp-na01-bp123na,Query, show character set where charset = 'utf8mb4',2026-08-14T15:48:18.631610Z    13 Query show character set where charset = 'utf8mb4'
"Aug 14, 2026 9:48:19 AM",corp-na01-bp123na,Query, SHOW SESSION VARIABLES LIKE 'sql_mode',2026-08-14T15:48:18.633250Z    13 Query SHOW SESSION VARIABLES LIKE 'sql_mode'
"Aug 14, 2026 9:48:19 AM",corp-na01-bp123na,Query, SHOW SESSION VARIABLES LIKE 'lower_case_table_names',2026-08-14T15:48:18.639431Z    13 Query SHOW SESSION VARIABLES LIKE 'lower_case_table_names'
"Aug 14, 2026 9:48:19 AM",corp-na01-bp123na,Query, SHOW SESSION VARIABLES LIKE 'offline_mode',2026-08-14T15:48:18.710521Z    13 Query SHOW SESSION VARIABLES LIKE 'offline_mode'
"Aug 14, 2026 9:48:19 AM",corp-na01-bp123na,Query, show collation,2026-08-14T15:48:18.702407Z    13 Query show collation
"Aug 14, 2026 9:48:19 AM",corp-na01-bp123na,Query, show charset,2026-08-14T15:48:18.701729Z    13 Query show charset
"Aug 14, 2026 9:48:19 AM",corp-na01-bp123na,Query, SET SQL_SAFE_UPDATES=1,2026-08-14T15:48:18.628637Z    13 Query SET SQL_SAFE_UPDATES=1
"Aug 14, 2026 9:48:18 AM",corp-na01-bp123na,Query, SHOW SESSION STATUS LIKE 'Ssl_cipher',2026-08-14T15:48:18.621145Z    12 Query SHOW SESSION STATUS LIKE 'Ssl_cipher'
"Aug 14, 2026 9:48:18 AM",corp-na01-bp123na,Query, SET NAMES utf8,2026-08-14T15:48:18.607164Z    12 Query SET NAMES utf8
"Aug 14, 2026 9:48:18 AM",corp-na01-bp123na,Query, SET NAMES 'utf8mb4',2026-08-14T15:48:18.620836Z    12 Query SET NAMES 'utf8mb4'
"Aug 14, 2026 9:48:18 AM",corp-na01-bp123na,Query, SELECT current_user(),2026-08-14T15:48:18.628191Z    13 Query SELECT current_user()
"Aug 14, 2026 9:48:18 AM",corp-na01-bp123na,Query, SHOW SESSION VARIABLES LIKE 'sql_mode',2026-08-14T15:48:18.607340Z    12 Query SHOW SESSION VARIABLES LIKE 'sql_mode'
"Aug 14, 2026 9:48:18 AM",corp-na01-bp123na,Query, show character set where charset = 'utf8mb4',2026-08-14T15:48:18.620134Z    12 Query show character set where charset = 'utf8mb4'
"Aug 14, 2026 9:48:18 AM",corp-na01-bp123na,Query, set autocommit=1,2026-08-14T15:48:18.622191Z    12 Query set autocommit=1
"Aug 14, 2026 9:48:18 AM",corp-na01-bp123na,Query, SELECT current_user(),2026-08-14T15:48:18.606804Z    12 Query SELECT current_user()
"Aug 14, 2026 9:48:18 AM",corp-na01-bp123na,Query, SET CHARACTER SET utf8,2026-08-14T15:48:18.607017Z    12 Query SET CHARACTER SET utf8
"Aug 14, 2026 9:48:18 AM",corp-na01-bp123na,Query, set autocommit=1,2026-08-14T15:48:18.606603Z    12 Query set autocommit=1
"Aug 14, 2026 9:48:18 AM",corp-na01-bp123na,Query, SET CHARACTER SET utf8,2026-08-14T15:48:18.628373Z    13 Query SET CHARACTER SET utf8
"Aug 14, 2026 9:48:18 AM",corp-na01-bp123na,Query, set autocommit=1,2026-08-14T15:48:18.628036Z    13 Query set autocommit=1
"Aug 14, 2026 9:48:18 AM",corp-na01-bp123na,Query, SELECT CONNECTION_ID(),2026-08-14T15:48:18.619752Z    12 Query SELECT CONNECTION_ID()
"Aug 14, 2026 9:47:59 AM",corp-na01-bp123na,Query, set autocommit=1,2026-08-14T15:47:57.415955Z    10 Query set autocommit=1
"Aug 14, 2026 9:47:59 AM",corp-na01-bp123na,Query, SELECT CONNECTION_ID(),2026-08-14T15:47:57.413664Z    10 Query SELECT CONNECTION_ID()
"Aug 14, 2026 9:47:59 AM",corp-na01-bp123na,Query, SET NAMES 'utf8mb4',2026-08-14T15:47:57.414617Z    10 Query SET NAMES 'utf8mb4'
"Aug 14, 2026 9:47:59 AM",corp-na01-bp123na,Query, SET SQL_SAFE_UPDATES=1,2026-08-14T15:47:57.413506Z    10 Query SET SQL_SAFE_UPDATES=1
"Aug 14, 2026 9:47:59 AM",corp-na01-bp123na,Query, SHOW SESSION STATUS LIKE 'Ssl_cipher',2026-08-14T15:47:57.414843Z    10 Query SHOW SESSION STATUS LIKE 'Ssl_cipher'
"Aug 14, 2026 9:47:59 AM",corp-na01-bp123na,Query, show character set where charset = 'utf8mb4',2026-08-14T15:47:57.413863Z    10 Query show character set where charset = 'utf8mb4'
"Aug 14, 2026 9:47:59 AM",corp-na01-bp123na,Query, SET NAMES utf8,2026-08-14T15:47:57.413366Z    10 Query SET NAMES utf8
"Aug 14, 2026 9:47:57 AM",corp-na01-bp123na,Query, SELECT current_user(),2026-08-14T15:47:57.412981Z    10 Query SELECT current_user()
"Aug 14, 2026 9:47:57 AM",corp-na01-bp123na,Query, SELECT current_user(),2026-08-14T15:47:57.389391Z     9 Query SELECT current_user()
"Aug 14, 2026 9:47:57 AM",corp-na01-bp123na,Query, SET NAMES utf8,2026-08-14T15:47:57.389800Z     9 Query SET NAMES utf8
"Aug 14, 2026 9:47:57 AM",corp-na01-bp123na,Query, SHOW SESSION STATUS LIKE 'Ssl_cipher',2026-08-14T15:47:57.403868Z     9 Query SHOW SESSION STATUS LIKE 'Ssl_cipher'
"Aug 14, 2026 9:47:57 AM",corp-na01-bp123na,Query, set autocommit=1,2026-08-14T15:47:57.412772Z    10 Query set autocommit=1
"Aug 14, 2026 9:47:57 AM",corp-na01-bp123na,Query, SET NAMES 'utf8mb4',2026-08-14T15:47:57.403549Z     9 Query SET NAMES 'utf8mb4'
"Aug 14, 2026 9:47:57 AM",corp-na01-bp123na,Query, SHOW SESSION VARIABLES LIKE 'sql_mode',2026-08-14T15:47:57.390018Z     9 Query SHOW SESSION VARIABLES LIKE 'sql_mode'
"Aug 14, 2026 9:47:57 AM",corp-na01-bp123na,Query, show character set where charset = 'utf8mb4',2026-08-14T15:47:57.402118Z     9 Query show character set where charset = 'utf8mb4'
"Aug 14, 2026 9:47:57 AM",corp-na01-bp123na,Query, set autocommit=1,2026-08-14T15:47:57.389173Z     9 Query set autocommit=1
"Aug 14, 2026 9:47:57 AM",corp-na01-bp123na,Query, SELECT CONNECTION_ID(),2026-08-14T15:47:57.401889Z     9 Query SELECT CONNECTION_ID()
"Aug 14, 2026 9:47:57 AM",corp-na01-bp123na,Query, set autocommit=1,2026-08-14T15:47:57.405446Z     9 Query set autocommit=1
"Aug 14, 2026 9:47:57 AM",corp-na01-bp123na,Query, SET CHARACTER SET utf8,2026-08-14T15:47:57.413188Z    10 Query SET CHARACTER SET utf8
"Aug 14, 2026 9:47:57 AM",corp-na01-bp123na,Query, SET CHARACTER SET utf8,2026-08-14T15:47:57.389632Z     9 Query SET CHARACTER SET utf8
"Aug 14, 2026 9:38:55 AM",corp-na01-bp123na,Query, SET GLOBAL general_log = 'ON',2026-08-14T15:38:55.233330Z    10 Query SET GLOBAL general_log = 'ON'
"Aug 14, 2026 9:38:55 AM",corp-na01-bp123na,Query, SHOW VARIABLES LIKE 'general_log%',2026-08-14T15:38:55.235836Z    10 Query SHOW VARIABLES LIKE 'general_log%'
"Aug 14, 2026 9:38:55 AM",corp-na01-bp123na,Query, SET GLOBAL log_output = 'FILE',2026-08-14T15:38:55.234553Z    10 Query SET GLOBAL log_output = 'FILE'
"Aug 14, 2026 9:36:37 AM",corp-na01-bp123na,Query, SELECT st.* FROM performance_schema.events_stages_history_long st WHERE st.nesting_event_id = 37,2026-08-14T15:36:37.389558Z     9 Query SELECT st.* FROM performance_schema.events_stages_history_long st WHERE st.nesting_event_id = 37
"Aug 14, 2026 9:36:37 AM",corp-na01-bp123na,Query, SHOW INDEX FROM `lnp_corp`.`credentials`,2026-08-14T15:36:37.396578Z     9 Query SHOW INDEX FROM `lnp_corp`.`credentials`
"Aug 14, 2026 9:36:37 AM",corp-na01-bp123na,Query, select * From lnp_corp.credentials,2026-08-14T15:36:37.296430Z    10 Query select * From lnp_corp.credentials
"Aug 14, 2026 9:36:37 AM",corp-na01-bp123na,Query, SELECT st.* FROM performance_schema.events_statements_current st JOIN performance_schema.threads thr ON thr.thread_id = st.thread_id WHERE thr.processlist_id = 10,2026-08-14T15:36:37.370335Z     9 Query SELECT st.* FROM performance_schema.events_statements_current st JOIN performance_schema.threads thr ON thr.thread_id = st.thread_id WHERE thr.processlist_id = 10
"Aug 14, 2026 9:36:37 AM",corp-na01-bp123na,Query, SELECT st.* FROM performance_schema.events_waits_history_long st WHERE st.nesting_event_id = 37,2026-08-14T15:36:37.392802Z     9 Query SELECT st.* FROM performance_schema.events_waits_history_long st WHERE st.nesting_event_id = 37
"Aug 14, 2026 9:31:44 AM",corp-na01-bp123na,Query, SHOW FULL COLUMNS FROM `lnp_corp`.`credentials`,2026-08-14T15:31:44.208100Z     9 Query SHOW FULL COLUMNS FROM `lnp_corp`.`credentials`
"Aug 14, 2026 9:31:44 AM",corp-na01-bp123na,Query, SHOW INDEXES FROM `lnp_corp`.`credentials`,2026-08-14T15:31:44.212225Z     9 Query SHOW INDEXES FROM `lnp_corp`.`credentials`
"Aug 14, 2026 9:31:28 AM",corp-na01-bp123na,Query, SHOW SESSION VARIABLES LIKE 'offline_mode',2026-08-14T15:31:27.604212Z    10 Query SHOW SESSION VARIABLES LIKE 'offline_mode'
"Aug 14, 2026 9:31:28 AM",corp-na01-bp123na,Query, SHOW FULL COLUMNS FROM `lnp_corp`.`orders`,2026-08-14T15:31:28.652301Z    10 Query SHOW FULL COLUMNS FROM `lnp_corp`.`orders`
"Aug 14, 2026 9:31:28 AM",corp-na01-bp123na,Query, SHOW FULL COLUMNS FROM `lnp_corp`.`customers`,2026-08-14T15:31:28.651238Z    10 Query SHOW FULL COLUMNS FROM `lnp_corp`.`customers`
"Aug 14, 2026 9:31:28 AM",corp-na01-bp123na,Query, SHOW FULL COLUMNS FROM `lnp_corp`.`credentials`,2026-08-14T15:31:28.648603Z    10 Query SHOW FULL COLUMNS FROM `lnp_corp`.`credentials`
"Aug 14, 2026 9:31:28 AM",corp-na01-bp123na,Query, SHOW SESSION VARIABLES LIKE 'interactive_timeout',2026-08-14T15:31:27.635750Z    10 Query SHOW SESSION VARIABLES LIKE 'interactive_timeout'
"Aug 14, 2026 9:31:28 AM",corp-na01-bp123na,Query, SHOW FULL COLUMNS FROM `lnp_corp`.`payments`,2026-08-14T15:31:28.653220Z    10 Query SHOW FULL COLUMNS FROM `lnp_corp`.`payments`
"Aug 14, 2026 9:31:28 AM",corp-na01-bp123na,Query, SHOW PROCEDURE STATUS WHERE Db='lnp_corp',2026-08-14T15:31:28.612078Z     9 Query SHOW PROCEDURE STATUS WHERE Db='lnp_corp'
"Aug 14, 2026 9:31:28 AM",corp-na01-bp123na,Query, SHOW SESSION VARIABLES LIKE 'wait_timeout',2026-08-14T15:31:27.634466Z    10 Query SHOW SESSION VARIABLES LIKE 'wait_timeout'
"Aug 14, 2026 9:31:28 AM",corp-na01-bp123na,Query, SHOW FUNCTION STATUS WHERE Db='lnp_corp',2026-08-14T15:31:28.647086Z     9 Query SHOW FUNCTION STATUS WHERE Db='lnp_corp'
"Aug 14, 2026 9:31:28 AM",corp-na01-bp123na,Query, SHOW SESSION VARIABLES LIKE 'version_compile_os',2026-08-14T15:31:27.603137Z    10 Query SHOW SESSION VARIABLES LIKE 'version_compile_os'
"Aug 14, 2026 9:31:28 AM",corp-na01-bp123na,Query, show variables,2026-08-14T15:31:27.601424Z    10 Query show variables
"Aug 14, 2026 9:31:28 AM",corp-na01-bp123na,Query, SHOW FULL TABLES FROM `lnp_corp`,2026-08-14T15:31:28.588812Z     9 Query SHOW FULL TABLES FROM `lnp_corp`
"Aug 14, 2026 9:31:27 AM",corp-na01-bp123na,Query, SET CHARACTER SET utf8,2026-08-14T15:31:27.012671Z     9 Query SET CHARACTER SET utf8
"Aug 14, 2026 9:31:27 AM",corp-na01-bp123na,Query, show charset,2026-08-14T15:31:27.596600Z    10 Query show charset
"Aug 14, 2026 9:31:27 AM",corp-na01-bp123na,Query, show character set where charset = 'utf8mb4',2026-08-14T15:31:27.115405Z     9 Query show character set where charset = 'utf8mb4'
"Aug 14, 2026 9:31:27 AM",corp-na01-bp123na,Query, SHOW SESSION VARIABLES LIKE 'sql_mode',2026-08-14T15:31:27.025873Z     9 Query SHOW SESSION VARIABLES LIKE 'sql_mode'
"Aug 14, 2026 9:31:27 AM",corp-na01-bp123na,Query, SET NAMES 'utf8mb4',2026-08-14T15:31:27.141575Z    10 Query SET NAMES 'utf8mb4'
"Aug 14, 2026 9:31:27 AM",corp-na01-bp123na,Query, SET NAMES utf8,2026-08-14T15:31:27.140335Z    10 Query SET NAMES utf8
"Aug 14, 2026 9:31:27 AM",corp-na01-bp123na,Query, show character set where charset = 'utf8mb4',2026-08-14T15:31:27.140843Z    10 Query show character set where charset = 'utf8mb4'
"Aug 14, 2026 9:31:27 AM",corp-na01-bp123na,Query, set autocommit=1,2026-08-14T15:31:27.143423Z    10 Query set autocommit=1
"Aug 14, 2026 9:31:27 AM",corp-na01-bp123na,Query, SHOW DATABASES,2026-08-14T15:31:27.589274Z     9 Query SHOW DATABASES
"Aug 14, 2026 9:31:27 AM",corp-na01-bp123na,Query, SHOW SESSION VARIABLES LIKE 'sql_mode',2026-08-14T15:31:27.143591Z    10 Query SHOW SESSION VARIABLES LIKE 'sql_mode'
"Aug 14, 2026 9:31:27 AM",corp-na01-bp123na,Query, set autocommit=1,2026-08-14T15:31:27.132684Z     9 Query set autocommit=1
"Aug 14, 2026 9:31:27 AM",corp-na01-bp123na,Query, SHOW SESSION VARIABLES LIKE 'version_comment',2026-08-14T15:31:27.145764Z    10 Query SHOW SESSION VARIABLES LIKE 'version_comment'
"Aug 14, 2026 9:31:27 AM",corp-na01-bp123na,Query, SHOW SESSION VARIABLES LIKE 'version',2026-08-14T15:31:27.146856Z    10 Query SHOW SESSION VARIABLES LIKE 'version'
"Aug 14, 2026 9:31:27 AM",corp-na01-bp123na,Query, SELECT current_user(),2026-08-14T15:31:26.998929Z     9 Query SELECT current_user()
"Aug 14, 2026 9:31:27 AM",corp-na01-bp123na,Query, SELECT current_user(),2026-08-14T15:31:27.139969Z    10 Query SELECT current_user()
"Aug 14, 2026 9:31:27 AM",corp-na01-bp123na,Query, set autocommit=1,2026-08-14T15:31:27.139760Z    10 Query set autocommit=1
"Aug 14, 2026 9:31:27 AM",corp-na01-bp123na,Query, SET CHARACTER SET utf8,2026-08-14T15:31:27.140151Z    10 Query SET CHARACTER SET utf8
"Aug 14, 2026 9:31:27 AM",corp-na01-bp123na,Query, SHOW SESSION VARIABLES LIKE 'lower_case_table_names',2026-08-14T15:31:27.149060Z    10 Query SHOW SESSION VARIABLES LIKE 'lower_case_table_names'
"Aug 14, 2026 9:31:27 AM",corp-na01-bp123na,Query, SHOW SESSION STATUS LIKE 'Ssl_cipher',2026-08-14T15:31:27.141746Z    10 Query SHOW SESSION STATUS LIKE 'Ssl_cipher'
"Aug 14, 2026 9:31:27 AM",corp-na01-bp123na,Query, SELECT current_user(),2026-08-14T15:31:27.148888Z    10 Query SELECT current_user()
"Aug 14, 2026 9:31:27 AM",corp-na01-bp123na,Query, show engines,2026-08-14T15:31:27.595221Z    10 Query show engines
"Aug 14, 2026 9:31:27 AM",corp-na01-bp123na,Query, show collation,2026-08-14T15:31:27.597334Z    10 Query show collation
"Aug 14, 2026 9:31:27 AM",corp-na01-bp123na,Query, SET NAMES 'utf8mb4',2026-08-14T15:31:27.121402Z     9 Query SET NAMES 'utf8mb4'
"Aug 14, 2026 9:31:27 AM",corp-na01-bp123na,Query, SELECT CONNECTION_ID(),2026-08-14T15:31:27.114191Z     9 Query SELECT CONNECTION_ID()
"Aug 14, 2026 9:31:27 AM",corp-na01-bp123na,Query, SET SQL_SAFE_UPDATES=1,2026-08-14T15:31:27.140505Z    10 Query SET SQL_SAFE_UPDATES=1
"Aug 14, 2026 9:31:27 AM",corp-na01-bp123na,Query, SELECT CONNECTION_ID(),2026-08-14T15:31:27.140668Z    10 Query SELECT CONNECTION_ID()
"Aug 14, 2026 9:31:27 AM",corp-na01-bp123na,Query, SHOW SESSION STATUS LIKE 'Ssl_cipher',2026-08-14T15:31:27.122720Z     9 Query SHOW SESSION STATUS LIKE 'Ssl_cipher'
"Aug 14, 2026 9:31:27 AM",corp-na01-bp123na,Query, SET NAMES utf8,2026-08-14T15:31:27.023552Z     9 Query SET NAMES utf8
"Aug 14, 2026 9:31:26 AM",corp-na01-bp123na,Query, set autocommit=1,2026-08-14T15:31:26.829951Z     9 Query set autocommit=1
